game_id,player_id,player_nm,team_name,team_id,team_name,bat_lineup
TOR201604080,bettm001,"""Mookie Betts""",BOS,0,BOS,9
TOR201604080,pedrd001,"""Dustin Pedroia""",BOS,0,BOS,4
TOR201604080,bogax001,"""Xander Bogaerts""",BOS,0,BOS,6
TOR201604080,ortid001,"""David Ortiz""",BOS,0,BOS,10
TOR201604080,ramih003,"""Hanley Ramirez""",BOS,0,BOS,3
TOR201604080,shawt001,"""Travis Shaw""",BOS,0,BOS,5
TOR201604080,holtb002,"""Brock Holt""",BOS,0,BOS,7
TOR201604080,hanir001,"""Ryan Hanigan""",BOS,0,BOS,2
TOR201604080,bradj001,"""Jackie Bradley""",BOS,0,BOS,8
TOR201604080,kellj001,"""Joe Kelly""",BOS,0,BOS,1
TOR201604080,pillk001,"""Kevin Pillar""",TOR,1,TOR,8
TOR201604080,donaj001,"""Josh Donaldson""",TOR,1,TOR,10
TOR201604080,bautj002,"""Jose Bautista""",TOR,1,TOR,9
TOR201604080,encae001,"""Edwin Encarnacion""",TOR,1,TOR,3
TOR201604080,tulot001,"""Troy Tulowitzki""",TOR,1,TOR,6
TOR201604080,saunm001,"""Michael Saunders""",TOR,1,TOR,7
TOR201604080,martr004,"""Russell Martin""",TOR,1,TOR,2
TOR201604080,goinr001,"""Ryan Goins""",TOR,1,TOR,4
TOR201604080,barnd001,"""Darwin Barney""",TOR,1,TOR,5
TOR201604080,strom001,"""Marcus Stroman""",TOR,1,TOR,1
TOR201604090,bettm001,"""Mookie Betts""",BOS,0,BOS,9
TOR201604090,pedrd001,"""Dustin Pedroia""",BOS,0,BOS,4
TOR201604090,bogax001,"""Xander Bogaerts""",BOS,0,BOS,6
TOR201604090,shawt001,"""Travis Shaw""",BOS,0,BOS,3
TOR201604090,ramih003,"""Hanley Ramirez""",BOS,0,BOS,10
TOR201604090,sandp001,"""Pablo Sandoval""",BOS,0,BOS,5
TOR201604090,holtb002,"""Brock Holt""",BOS,0,BOS,7
TOR201604090,castr004,"""Rusney Castillo""",BOS,0,BOS,8
TOR201604090,swihb001,"""Blake Swihart""",BOS,0,BOS,2
TOR201604090,porcr001,"""Rick Porcello""",BOS,0,BOS,1
TOR201604090,pillk001,"""Kevin Pillar""",TOR,1,TOR,8
TOR201604090,donaj001,"""Josh Donaldson""",TOR,1,TOR,10
TOR201604090,bautj002,"""Jose Bautista""",TOR,1,TOR,9
TOR201604090,encae001,"""Edwin Encarnacion""",TOR,1,TOR,3
TOR201604090,tulot001,"""Troy Tulowitzki""",TOR,1,TOR,6
TOR201604090,carre001,"""Ezequiel Carrera""",TOR,1,TOR,7
TOR201604090,goinr001,"""Ryan Goins""",TOR,1,TOR,4
TOR201604090,barnd001,"""Darwin Barney""",TOR,1,TOR,5
TOR201604090,tholj001,"""Josh Thole""",TOR,1,TOR,2
TOR201604090,dickr001,"""R.A. Dickey""",TOR,1,TOR,1
TOR201604100,bettm001,"""Mookie Betts""",BOS,0,BOS,9
TOR201604100,pedrd001,"""Dustin Pedroia""",BOS,0,BOS,4
TOR201604100,bogax001,"""Xander Bogaerts""",BOS,0,BOS,6
TOR201604100,ortid001,"""David Ortiz""",BOS,0,BOS,10
TOR201604100,ramih003,"""Hanley Ramirez""",BOS,0,BOS,3
TOR201604100,shawt001,"""Travis Shaw""",BOS,0,BOS,5
TOR201604100,younc004,"""Chris Young""",BOS,0,BOS,7
TOR201604100,swihb001,"""Blake Swihart""",BOS,0,BOS,2
TOR201604100,bradj001,"""Jackie Bradley""",BOS,0,BOS,8
TOR201604100,wrigs001,"""Steven Wright""",BOS,0,BOS,1
TOR201604100,pillk001,"""Kevin Pillar""",TOR,1,TOR,8
TOR201604100,donaj001,"""Josh Donaldson""",TOR,1,TOR,10
TOR201604100,bautj002,"""Jose Bautista""",TOR,1,TOR,9
TOR201604100,encae001,"""Edwin Encarnacion""",TOR,1,TOR,3
TOR201604100,tulot001,"""Troy Tulowitzki""",TOR,1,TOR,6
TOR201604100,saunm001,"""Michael Saunders""",TOR,1,TOR,7
TOR201604100,martr004,"""Russell Martin""",TOR,1,TOR,2
TOR201604100,goinr001,"""Ryan Goins""",TOR,1,TOR,4
TOR201604100,barnd001,"""Darwin Barney""",TOR,1,TOR,5
TOR201604100,estrm001,"""Marco Estrada""",TOR,1,TOR,1
TOR201604120,ellsj001,"""Jacoby Ellsbury""",NYA,0,NYA,8
TOR201604120,gardb001,"""Brett Gardner""",NYA,0,NYA,7
TOR201604120,rodra001,"""Alex Rodriguez""",NYA,0,NYA,10
TOR201604120,teixm001,"""Mark Teixeira""",NYA,0,NYA,3
TOR201604120,mccab002,"""Brian McCann""",NYA,0,NYA,2
TOR201604120,beltc001,"""Carlos Beltran""",NYA,0,NYA,9
TOR201604120,headc001,"""Chase Headley""",NYA,0,NYA,5
TOR201604120,casts001,"""Starlin Castro""",NYA,0,NYA,4
TOR201604120,gregd001,"""Didi Gregorius""",NYA,0,NYA,6
TOR201604120,tanam001,"""Masahiro Tanaka""",NYA,0,NYA,1
TOR201604120,pillk001,"""Kevin Pillar""",TOR,1,TOR,8
TOR201604120,donaj001,"""Josh Donaldson""",TOR,1,TOR,5
TOR201604120,bautj002,"""Jose Bautista""",TOR,1,TOR,9
TOR201604120,encae001,"""Edwin Encarnacion""",TOR,1,TOR,10
TOR201604120,tulot001,"""Troy Tulowitzki""",TOR,1,TOR,6
TOR201604120,colac001,"""Chris Colabello""",TOR,1,TOR,3
TOR201604120,saunm001,"""Michael Saunders""",TOR,1,TOR,7
TOR201604120,martr004,"""Russell Martin""",TOR,1,TOR,2
TOR201604120,goinr001,"""Ryan Goins""",TOR,1,TOR,4
TOR201604120,sanca006,"""Aaron Sanchez""",TOR,1,TOR,1
TOR201604130,ellsj001,"""Jacoby Ellsbury""",NYA,0,NYA,8
TOR201604130,hicka001,"""Aaron Hicks""",NYA,0,NYA,7
TOR201604130,rodra001,"""Alex Rodriguez""",NYA,0,NYA,10
TOR201604130,teixm001,"""Mark Teixeira""",NYA,0,NYA,3
TOR201604130,beltc001,"""Carlos Beltran""",NYA,0,NYA,9
TOR201604130,casts001,"""Starlin Castro""",NYA,0,NYA,4
TOR201604130,headc001,"""Chase Headley""",NYA,0,NYA,5
TOR201604130,torrr001,"""Ronald Torreyes""",NYA,0,NYA,6
TOR201604130,romia002,"""Austin Romine""",NYA,0,NYA,2
TOR201604130,pinem001,"""Michael Pineda""",NYA,0,NYA,1
TOR201604130,pillk001,"""Kevin Pillar""",TOR,1,TOR,8
TOR201604130,donaj001,"""Josh Donaldson""",TOR,1,TOR,5
TOR201604130,bautj002,"""Jose Bautista""",TOR,1,TOR,9
TOR201604130,encae001,"""Edwin Encarnacion""",TOR,1,TOR,10
TOR201604130,tulot001,"""Troy Tulowitzki""",TOR,1,TOR,6
TOR201604130,saunm001,"""Michael Saunders""",TOR,1,TOR,7
TOR201604130,martr004,"""Russell Martin""",TOR,1,TOR,2
TOR201604130,smoaj001,"""Justin Smoak""",TOR,1,TOR,3
TOR201604130,goinr001,"""Ryan Goins""",TOR,1,TOR,4
TOR201604130,happj001,"""J.A. Happ""",TOR,1,TOR,1
TOR201604140,ellsj001,"""Jacoby Ellsbury""",NYA,0,NYA,8
TOR201604140,gardb001,"""Brett Gardner""",NYA,0,NYA,7
TOR201604140,rodra001,"""Alex Rodriguez""",NYA,0,NYA,10
TOR201604140,teixm001,"""Mark Teixeira""",NYA,0,NYA,3
TOR201604140,mccab002,"""Brian McCann""",NYA,0,NYA,2
TOR201604140,beltc001,"""Carlos Beltran""",NYA,0,NYA,9
TOR201604140,headc001,"""Chase Headley""",NYA,0,NYA,5
TOR201604140,casts001,"""Starlin Castro""",NYA,0,NYA,4
TOR201604140,gregd001,"""Didi Gregorius""",NYA,0,NYA,6
TOR201604140,eovan001,"""Nathan Eovaldi""",NYA,0,NYA,1
TOR201604140,pillk001,"""Kevin Pillar""",TOR,1,TOR,8
TOR201604140,donaj001,"""Josh Donaldson""",TOR,1,TOR,5
TOR201604140,bautj002,"""Jose Bautista""",TOR,1,TOR,9
TOR201604140,encae001,"""Edwin Encarnacion""",TOR,1,TOR,10
TOR201604140,tulot001,"""Troy Tulowitzki""",TOR,1,TOR,6
TOR201604140,saunm001,"""Michael Saunders""",TOR,1,TOR,7
TOR201604140,colac001,"""Chris Colabello""",TOR,1,TOR,3
TOR201604140,martr004,"""Russell Martin""",TOR,1,TOR,2
TOR201604140,goinr001,"""Ryan Goins""",TOR,1,TOR,4
TOR201604140,strom001,"""Marcus Stroman""",TOR,1,TOR,1
TOR201604220,burnb002,"""Billy Burns""",OAK,0,OAK,8
TOR201604220,coghc001,"""Chris Coghlan""",OAK,0,OAK,5
TOR201604220,reddj001,"""Josh Reddick""",OAK,0,OAK,9
TOR201604220,lowrj001,"""Jed Lowrie""",OAK,0,OAK,4
TOR201604220,vogts001,"""Stephen Vogt""",OAK,0,OAK,2
TOR201604220,crisc001,"""Coco Crisp""",OAK,0,OAK,10
TOR201604220,davik003,"""Khris Davis""",OAK,0,OAK,7
TOR201604220,alony001,"""Yonder Alonso""",OAK,0,OAK,3
TOR201604220,semim001,"""Marcus Semien""",OAK,0,OAK,6
TOR201604220,grays001,"""Sonny Gray""",OAK,0,OAK,1
TOR201604220,carre001,"""Ezequiel Carrera""",TOR,1,TOR,7
TOR201604220,donaj001,"""Josh Donaldson""",TOR,1,TOR,5
TOR201604220,bautj002,"""Jose Bautista""",TOR,1,TOR,9
TOR201604220,encae001,"""Edwin Encarnacion""",TOR,1,TOR,10
TOR201604220,smoaj001,"""Justin Smoak""",TOR,1,TOR,3
TOR201604220,martr004,"""Russell Martin""",TOR,1,TOR,2
TOR201604220,pillk001,"""Kevin Pillar""",TOR,1,TOR,8
TOR201604220,goinr001,"""Ryan Goins""",TOR,1,TOR,6
TOR201604220,barnd001,"""Darwin Barney""",TOR,1,TOR,4
TOR201604220,sanca006,"""Aaron Sanchez""",TOR,1,TOR,1
TOR201604230,burnb002,"""Billy Burns""",OAK,0,OAK,8
TOR201604230,canhm001,"""Mark Canha""",OAK,0,OAK,9
TOR201604230,lowrj001,"""Jed Lowrie""",OAK,0,OAK,4
TOR201604230,butlb003,"""Billy Butler""",OAK,0,OAK,3
TOR201604230,davik003,"""Khris Davis""",OAK,0,OAK,10
TOR201604230,crisc001,"""Coco Crisp""",OAK,0,OAK,7
TOR201604230,semim001,"""Marcus Semien""",OAK,0,OAK,6
TOR201604230,phegj001,"""Josh Phegley""",OAK,0,OAK,2
TOR201604230,coghc001,"""Chris Coghlan""",OAK,0,OAK,5
TOR201604230,bassc001,"""Chris Bassitt""",OAK,0,OAK,1
TOR201604230,carre001,"""Ezequiel Carrera""",TOR,1,TOR,7
TOR201604230,donaj001,"""Josh Donaldson""",TOR,1,TOR,5
TOR201604230,bautj002,"""Jose Bautista""",TOR,1,TOR,9
TOR201604230,encae001,"""Edwin Encarnacion""",TOR,1,TOR,10
TOR201604230,tulot001,"""Troy Tulowitzki""",TOR,1,TOR,6
TOR201604230,smoaj001,"""Justin Smoak""",TOR,1,TOR,3
TOR201604230,martr004,"""Russell Martin""",TOR,1,TOR,2
TOR201604230,goinr001,"""Ryan Goins""",TOR,1,TOR,4
TOR201604230,pillk001,"""Kevin Pillar""",TOR,1,TOR,8
TOR201604230,happj001,"""J.A. Happ""",TOR,1,TOR,1
TOR201604240,burnb002,"""Billy Burns""",OAK,0,OAK,8
TOR201604240,canhm001,"""Mark Canha""",OAK,0,OAK,10
TOR201604240,reddj001,"""Josh Reddick""",OAK,0,OAK,9
TOR201604240,vogts001,"""Stephen Vogt""",OAK,0,OAK,2
TOR201604240,davik003,"""Khris Davis""",OAK,0,OAK,7
TOR201604240,coghc001,"""Chris Coghlan""",OAK,0,OAK,5
TOR201604240,semim001,"""Marcus Semien""",OAK,0,OAK,6
TOR201604240,alony001,"""Yonder Alonso""",OAK,0,OAK,3
TOR201604240,ladet001,"""Tyler Ladendorf""",OAK,0,OAK,4
TOR201604240,surke001,"""Eric Surkamp""",OAK,0,OAK,1
TOR201604240,carre001,"""Ezequiel Carrera""",TOR,1,TOR,7
TOR201604240,donaj001,"""Josh Donaldson""",TOR,1,TOR,5
TOR201604240,bautj002,"""Jose Bautista""",TOR,1,TOR,9
TOR201604240,encae001,"""Edwin Encarnacion""",TOR,1,TOR,10
TOR201604240,tulot001,"""Troy Tulowitzki""",TOR,1,TOR,6
TOR201604240,smoaj001,"""Justin Smoak""",TOR,1,TOR,3
TOR201604240,pillk001,"""Kevin Pillar""",TOR,1,TOR,8
TOR201604240,barnd001,"""Darwin Barney""",TOR,1,TOR,4
TOR201604240,tholj001,"""Josh Thole""",TOR,1,TOR,2
TOR201604240,hutcd001,"""Drew Hutchison""",TOR,1,TOR,1
TOR201604250,eatoa002,"""Adam Eaton""",CHA,0,CHA,9
TOR201604250,rollj001,"""Jimmy Rollins""",CHA,0,CHA,6
TOR201604250,abrej003,"""Jose Abreu""",CHA,0,CHA,3
TOR201604250,frazt001,"""Todd Frazier""",CHA,0,CHA,5
TOR201604250,cabrm002,"""Melky Cabrera""",CHA,0,CHA,7
TOR201604250,lawrb002,"""Brett Lawrie""",CHA,0,CHA,4
TOR201604250,garca003,"""Avisail Garcia""",CHA,0,CHA,10
TOR201604250,navad001,"""Dioner Navarro""",CHA,0,CHA,2
TOR201604250,jacka001,"""Austin Jackson""",CHA,0,CHA,8
TOR201604250,gonzm003,"""Miguel Gonzalez""",CHA,0,CHA,1
TOR201604250,carre001,"""Ezequiel Carrera""",TOR,1,TOR,8
TOR201604250,donaj001,"""Josh Donaldson""",TOR,1,TOR,10
TOR201604250,bautj002,"""Jose Bautista""",TOR,1,TOR,9
TOR201604250,encae001,"""Edwin Encarnacion""",TOR,1,TOR,3
TOR201604250,tulot001,"""Troy Tulowitzki""",TOR,1,TOR,6
TOR201604250,saunm001,"""Michael Saunders""",TOR,1,TOR,7
TOR201604250,goinr001,"""Ryan Goins""",TOR,1,TOR,4
TOR201604250,barnd001,"""Darwin Barney""",TOR,1,TOR,5
TOR201604250,tholj001,"""Josh Thole""",TOR,1,TOR,2
TOR201604250,strom001,"""Marcus Stroman""",TOR,1,TOR,1
TOR201604260,eatoa002,"""Adam Eaton""",CHA,0,CHA,9
TOR201604260,rollj001,"""Jimmy Rollins""",CHA,0,CHA,6
TOR201604260,abrej003,"""Jose Abreu""",CHA,0,CHA,3
TOR201604260,frazt001,"""Todd Frazier""",CHA,0,CHA,5
TOR201604260,cabrm002,"""Melky Cabrera""",CHA,0,CHA,7
TOR201604260,lawrb002,"""Brett Lawrie""",CHA,0,CHA,4
TOR201604260,garca003,"""Avisail Garcia""",CHA,0,CHA,10
TOR201604260,navad001,"""Dioner Navarro""",CHA,0,CHA,2
TOR201604260,jacka001,"""Austin Jackson""",CHA,0,CHA,8
TOR201604260,salec001,"""Chris Sale""",CHA,0,CHA,1
TOR201604260,saunm001,"""Michael Saunders""",TOR,1,TOR,7
TOR201604260,donaj001,"""Josh Donaldson""",TOR,1,TOR,10
TOR201604260,bautj002,"""Jose Bautista""",TOR,1,TOR,9
TOR201604260,encae001,"""Edwin Encarnacion""",TOR,1,TOR,3
TOR201604260,tulot001,"""Troy Tulowitzki""",TOR,1,TOR,6
TOR201604260,pillk001,"""Kevin Pillar""",TOR,1,TOR,8
TOR201604260,domim001,"""Matt Dominguez""",TOR,1,TOR,5
TOR201604260,barnd001,"""Darwin Barney""",TOR,1,TOR,4
TOR201604260,tholj001,"""Josh Thole""",TOR,1,TOR,2
TOR201604260,dickr001,"""R.A. Dickey""",TOR,1,TOR,1
TOR201604270,eatoa002,"""Adam Eaton""",CHA,0,CHA,9
TOR201604270,rollj001,"""Jimmy Rollins""",CHA,0,CHA,6
TOR201604270,abrej003,"""Jose Abreu""",CHA,0,CHA,3
TOR201604270,frazt001,"""Todd Frazier""",CHA,0,CHA,5
TOR201604270,cabrm002,"""Melky Cabrera""",CHA,0,CHA,7
TOR201604270,lawrb002,"""Brett Lawrie""",CHA,0,CHA,4
TOR201604270,garca003,"""Avisail Garcia""",CHA,0,CHA,10
TOR201604270,navad001,"""Dioner Navarro""",CHA,0,CHA,2
TOR201604270,jacka001,"""Austin Jackson""",CHA,0,CHA,8
TOR201604270,quinj001,"""Jose Quintana""",CHA,0,CHA,1
TOR201604270,saunm001,"""Michael Saunders""",TOR,1,TOR,7
TOR201604270,donaj001,"""Josh Donaldson""",TOR,1,TOR,5
TOR201604270,bautj002,"""Jose Bautista""",TOR,1,TOR,9
TOR201604270,encae001,"""Edwin Encarnacion""",TOR,1,TOR,10
TOR201604270,tulot001,"""Troy Tulowitzki""",TOR,1,TOR,6
TOR201604270,domim001,"""Matt Dominguez""",TOR,1,TOR,3
TOR201604270,martr004,"""Russell Martin""",TOR,1,TOR,2
TOR201604270,pillk001,"""Kevin Pillar""",TOR,1,TOR,8
TOR201604270,goinr001,"""Ryan Goins""",TOR,1,TOR,4
TOR201604270,estrm001,"""Marco Estrada""",TOR,1,TOR,1
TOR201605020,odorr001,"""Rougned Odor""",TEX,0,TEX,4
TOR201605020,mazan001,"""Nomar Mazara""",TEX,0,TEX,9
TOR201605020,belta001,"""Adrian Beltre""",TEX,0,TEX,5
TOR201605020,fielp001,"""Prince Fielder""",TEX,0,TEX,3
TOR201605020,desmi001,"""Ian Desmond""",TEX,0,TEX,7
TOR201605020,morem001,"""Mitch Moreland""",TEX,0,TEX,10
TOR201605020,andre001,"""Elvis Andrus""",TEX,0,TEX,6
TOR201605020,nichb001,"""Brett Nicholas""",TEX,0,TEX,2
TOR201605020,deshd002,"""Delino DeShields""",TEX,0,TEX,8
TOR201605020,grifa002,"""A.J. Griffin""",TEX,0,TEX,1
TOR201605020,saunm001,"""Michael Saunders""",TOR,1,TOR,7
TOR201605020,donaj001,"""Josh Donaldson""",TOR,1,TOR,5
TOR201605020,bautj002,"""Jose Bautista""",TOR,1,TOR,9
TOR201605020,encae001,"""Edwin Encarnacion""",TOR,1,TOR,10
TOR201605020,tulot001,"""Troy Tulowitzki""",TOR,1,TOR,6
TOR201605020,smoaj001,"""Justin Smoak""",TOR,1,TOR,3
TOR201605020,goinr001,"""Ryan Goins""",TOR,1,TOR,4
TOR201605020,pillk001,"""Kevin Pillar""",TOR,1,TOR,8
TOR201605020,tholj001,"""Josh Thole""",TOR,1,TOR,2
TOR201605020,dickr001,"""R.A. Dickey""",TOR,1,TOR,1
TOR201605030,odorr001,"""Rougned Odor""",TEX,0,TEX,4
TOR201605030,mazan001,"""Nomar Mazara""",TEX,0,TEX,9
TOR201605030,belta001,"""Adrian Beltre""",TEX,0,TEX,5
TOR201605030,fielp001,"""Prince Fielder""",TEX,0,TEX,10
TOR201605030,desmi001,"""Ian Desmond""",TEX,0,TEX,7
TOR201605030,morem001,"""Mitch Moreland""",TEX,0,TEX,3
TOR201605030,andre001,"""Elvis Andrus""",TEX,0,TEX,6
TOR201605030,nichb001,"""Brett Nicholas""",TEX,0,TEX,2
TOR201605030,deshd002,"""Delino DeShields""",TEX,0,TEX,8
TOR201605030,perem004,"""Martin Perez""",TEX,0,TEX,1
TOR201605030,saunm001,"""Michael Saunders""",TOR,1,TOR,7
TOR201605030,donaj001,"""Josh Donaldson""",TOR,1,TOR,5
TOR201605030,bautj002,"""Jose Bautista""",TOR,1,TOR,9
TOR201605030,encae001,"""Edwin Encarnacion""",TOR,1,TOR,10
TOR201605030,tulot001,"""Troy Tulowitzki""",TOR,1,TOR,6
TOR201605030,smoaj001,"""Justin Smoak""",TOR,1,TOR,3
TOR201605030,pillk001,"""Kevin Pillar""",TOR,1,TOR,8
TOR201605030,martr004,"""Russell Martin""",TOR,1,TOR,2
TOR201605030,barnd001,"""Darwin Barney""",TOR,1,TOR,4
TOR201605030,estrm001,"""Marco Estrada""",TOR,1,TOR,1
TOR201605040,odorr001,"""Rougned Odor""",TEX,0,TEX,4
TOR201605040,mazan001,"""Nomar Mazara""",TEX,0,TEX,9
TOR201605040,belta001,"""Adrian Beltre""",TEX,0,TEX,5
TOR201605040,fielp001,"""Prince Fielder""",TEX,0,TEX,10
TOR201605040,desmi001,"""Ian Desmond""",TEX,0,TEX,8
TOR201605040,morem001,"""Mitch Moreland""",TEX,0,TEX,3
TOR201605040,andre001,"""Elvis Andrus""",TEX,0,TEX,6
TOR201605040,rua-r001,"""Ryan Rua""",TEX,0,TEX,7
TOR201605040,wilsb002,"""Bobby Wilson""",TEX,0,TEX,2
TOR201605040,lewic001,"""Colby Lewis""",TEX,0,TEX,1
TOR201605040,saunm001,"""Michael Saunders""",TOR,1,TOR,7
TOR201605040,donaj001,"""Josh Donaldson""",TOR,1,TOR,5
TOR201605040,bautj002,"""Jose Bautista""",TOR,1,TOR,9
TOR201605040,encae001,"""Edwin Encarnacion""",TOR,1,TOR,10
TOR201605040,smoaj001,"""Justin Smoak""",TOR,1,TOR,3
TOR201605040,tulot001,"""Troy Tulowitzki""",TOR,1,TOR,6
TOR201605040,pillk001,"""Kevin Pillar""",TOR,1,TOR,8
TOR201605040,martr004,"""Russell Martin""",TOR,1,TOR,2
TOR201605040,goinr001,"""Ryan Goins""",TOR,1,TOR,4
TOR201605040,sanca006,"""Aaron Sanchez""",TOR,1,TOR,1
TOR201605050,odorr001,"""Rougned Odor""",TEX,0,TEX,4
TOR201605050,mazan001,"""Nomar Mazara""",TEX,0,TEX,9
TOR201605050,belta001,"""Adrian Beltre""",TEX,0,TEX,5
TOR201605050,fielp001,"""Prince Fielder""",TEX,0,TEX,10
TOR201605050,desmi001,"""Ian Desmond""",TEX,0,TEX,8
TOR201605050,morem001,"""Mitch Moreland""",TEX,0,TEX,3
TOR201605050,rua-r001,"""Ryan Rua""",TEX,0,TEX,7
TOR201605050,holab001,"""Bryan Holaday""",TEX,0,TEX,2
TOR201605050,albeh001,"""Hanser Alberto""",TEX,0,TEX,6
TOR201605050,holld003,"""Derek Holland""",TEX,0,TEX,1
TOR201605050,pillk001,"""Kevin Pillar""",TOR,1,TOR,8
TOR201605050,donaj001,"""Josh Donaldson""",TOR,1,TOR,5
TOR201605050,bautj002,"""Jose Bautista""",TOR,1,TOR,9
TOR201605050,encae001,"""Edwin Encarnacion""",TOR,1,TOR,10
TOR201605050,smoaj001,"""Justin Smoak""",TOR,1,TOR,3
TOR201605050,tulot001,"""Troy Tulowitzki""",TOR,1,TOR,6
TOR201605050,martr004,"""Russell Martin""",TOR,1,TOR,2
TOR201605050,barnd001,"""Darwin Barney""",TOR,1,TOR,4
TOR201605050,carre001,"""Ezequiel Carrera""",TOR,1,TOR,7
TOR201605050,happj001,"""J.A. Happ""",TOR,1,TOR,1
TOR201605060,utlec001,"""Chase Utley""",LAN,0,LAN,4
TOR201605060,seagc001,"""Corey Seager""",LAN,0,LAN,6
TOR201605060,turnj001,"""Justin Turner""",LAN,0,LAN,5
TOR201605060,gonza003,"""Adrian Gonzalez""",LAN,0,LAN,3
TOR201605060,puigy001,"""Yasiel Puig""",LAN,0,LAN,9
TOR201605060,grany001,"""Yasmani Grandal""",LAN,0,LAN,2
TOR201605060,kendh001,"""Howie Kendrick""",LAN,0,LAN,10
TOR201605060,pedej001,"""Joc Pederson""",LAN,0,LAN,8
TOR201605060,crawc002,"""Carl Crawford""",LAN,0,LAN,7
TOR201605060,maedk001,"""Kenta Maeda""",LAN,0,LAN,1
TOR201605060,saunm001,"""Michael Saunders""",TOR,1,TOR,7
TOR201605060,donaj001,"""Josh Donaldson""",TOR,1,TOR,5
TOR201605060,bautj002,"""Jose Bautista""",TOR,1,TOR,9
TOR201605060,encae001,"""Edwin Encarnacion""",TOR,1,TOR,10
TOR201605060,smoaj001,"""Justin Smoak""",TOR,1,TOR,3
TOR201605060,pillk001,"""Kevin Pillar""",TOR,1,TOR,8
TOR201605060,martr004,"""Russell Martin""",TOR,1,TOR,2
TOR201605060,goinr001,"""Ryan Goins""",TOR,1,TOR,6
TOR201605060,barnd001,"""Darwin Barney""",TOR,1,TOR,4
TOR201605060,strom001,"""Marcus Stroman""",TOR,1,TOR,1
TOR201605070,utlec001,"""Chase Utley""",LAN,0,LAN,4
TOR201605070,seagc001,"""Corey Seager""",LAN,0,LAN,6
TOR201605070,turnj001,"""Justin Turner""",LAN,0,LAN,5
TOR201605070,gonza003,"""Adrian Gonzalez""",LAN,0,LAN,3
TOR201605070,puigy001,"""Yasiel Puig""",LAN,0,LAN,9
TOR201605070,kendh001,"""Howie Kendrick""",LAN,0,LAN,7
TOR201605070,pedej001,"""Joc Pederson""",LAN,0,LAN,8
TOR201605070,crawc002,"""Carl Crawford""",LAN,0,LAN,10
TOR201605070,ellia001,"""A.J. Ellis""",LAN,0,LAN,2
TOR201605070,kersc001,"""Clayton Kershaw""",LAN,0,LAN,1
TOR201605070,pillk001,"""Kevin Pillar""",TOR,1,TOR,8
TOR201605070,donaj001,"""Josh Donaldson""",TOR,1,TOR,5
TOR201605070,bautj002,"""Jose Bautista""",TOR,1,TOR,9
TOR201605070,encae001,"""Edwin Encarnacion""",TOR,1,TOR,10
TOR201605070,smoaj001,"""Justin Smoak""",TOR,1,TOR,3
TOR201605070,tulot001,"""Troy Tulowitzki""",TOR,1,TOR,6
TOR201605070,saunm001,"""Michael Saunders""",TOR,1,TOR,7
TOR201605070,barnd001,"""Darwin Barney""",TOR,1,TOR,4
TOR201605070,tholj001,"""Josh Thole""",TOR,1,TOR,2
TOR201605070,dickr001,"""R.A. Dickey""",TOR,1,TOR,1
TOR201605080,utlec001,"""Chase Utley""",LAN,0,LAN,4
TOR201605080,seagc001,"""Corey Seager""",LAN,0,LAN,6
TOR201605080,turnj001,"""Justin Turner""",LAN,0,LAN,5
TOR201605080,gonza003,"""Adrian Gonzalez""",LAN,0,LAN,10
TOR201605080,grany001,"""Yasmani Grandal""",LAN,0,LAN,2
TOR201605080,kendh001,"""Howie Kendrick""",LAN,0,LAN,3
TOR201605080,pedej001,"""Joc Pederson""",LAN,0,LAN,8
TOR201605080,crawc002,"""Carl Crawford""",LAN,0,LAN,7
TOR201605080,thomt002,"""Trayce Thompson""",LAN,0,LAN,9
TOR201605080,strir001,"""Ross Stripling""",LAN,0,LAN,1
TOR201605080,saunm001,"""Michael Saunders""",TOR,1,TOR,7
TOR201605080,donaj001,"""Josh Donaldson""",TOR,1,TOR,5
TOR201605080,bautj002,"""Jose Bautista""",TOR,1,TOR,9
TOR201605080,encae001,"""Edwin Encarnacion""",TOR,1,TOR,10
TOR201605080,smoaj001,"""Justin Smoak""",TOR,1,TOR,3
TOR201605080,tulot001,"""Troy Tulowitzki""",TOR,1,TOR,6
TOR201605080,pillk001,"""Kevin Pillar""",TOR,1,TOR,8
TOR201605080,martr004,"""Russell Martin""",TOR,1,TOR,2
TOR201605080,goinr001,"""Ryan Goins""",TOR,1,TOR,4
TOR201605080,estrm001,"""Marco Estrada""",TOR,1,TOR,1
TOR201605160,guyeb001,"""Brandon Guyer""",TBA,0,TBA,10
TOR201605160,mottt001,"""Taylor Motter""",TBA,0,TBA,6
TOR201605160,longe001,"""Evan Longoria""",TBA,0,TBA,5
TOR201605160,pears001,"""Steve Pearce""",TBA,0,TBA,3
TOR201605160,souzs001,"""Steven Souza""",TBA,0,TBA,9
TOR201605160,jennd002,"""Desmond Jennings""",TBA,0,TBA,7
TOR201605160,casac001,"""Curt Casali""",TBA,0,TBA,2
TOR201605160,kierk001,"""Kevin Kiermaier""",TBA,0,TBA,8
TOR201605160,beckt001,"""Tim Beckham""",TBA,0,TBA,4
TOR201605160,smyld001,"""Drew Smyly""",TBA,0,TBA,1
TOR201605160,pillk001,"""Kevin Pillar""",TOR,1,TOR,8
TOR201605160,donaj001,"""Josh Donaldson""",TOR,1,TOR,5
TOR201605160,bautj002,"""Jose Bautista""",TOR,1,TOR,9
TOR201605160,encae001,"""Edwin Encarnacion""",TOR,1,TOR,10
TOR201605160,smoaj001,"""Justin Smoak""",TOR,1,TOR,3
TOR201605160,tulot001,"""Troy Tulowitzki""",TOR,1,TOR,6
TOR201605160,saunm001,"""Michael Saunders""",TOR,1,TOR,7
TOR201605160,martr004,"""Russell Martin""",TOR,1,TOR,2
TOR201605160,barnd001,"""Darwin Barney""",TOR,1,TOR,4
TOR201605160,happj001,"""J.A. Happ""",TOR,1,TOR,1
TOR201605170,guyeb001,"""Brandon Guyer""",TBA,0,TBA,7
TOR201605170,millb002,"""Brad Miller""",TBA,0,TBA,6
TOR201605170,longe001,"""Evan Longoria""",TBA,0,TBA,5
TOR201605170,pears001,"""Steve Pearce""",TBA,0,TBA,4
TOR201605170,souzs001,"""Steven Souza""",TBA,0,TBA,9
TOR201605170,dickc002,"""Corey Dickerson""",TBA,0,TBA,10
TOR201605170,morrl001,"""Logan Morrison""",TBA,0,TBA,3
TOR201605170,kierk001,"""Kevin Kiermaier""",TBA,0,TBA,8
TOR201605170,casac001,"""Curt Casali""",TBA,0,TBA,2
TOR201605170,archc001,"""Chris Archer""",TBA,0,TBA,1
TOR201605170,saunm001,"""Michael Saunders""",TOR,1,TOR,7
TOR201605170,donaj001,"""Josh Donaldson""",TOR,1,TOR,5
TOR201605170,bautj002,"""Jose Bautista""",TOR,1,TOR,9
TOR201605170,encae001,"""Edwin Encarnacion""",TOR,1,TOR,10
TOR201605170,smoaj001,"""Justin Smoak""",TOR,1,TOR,3
TOR201605170,tulot001,"""Troy Tulowitzki""",TOR,1,TOR,6
TOR201605170,pillk001,"""Kevin Pillar""",TOR,1,TOR,8
TOR201605170,martr004,"""Russell Martin""",TOR,1,TOR,2
TOR201605170,goinr001,"""Ryan Goins""",TOR,1,TOR,4
TOR201605170,strom001,"""Marcus Stroman""",TOR,1,TOR,1
TOR201605180,guyeb001,"""Brandon Guyer""",TBA,0,TBA,10
TOR201605180,mottt001,"""Taylor Motter""",TBA,0,TBA,6
TOR201605180,longe001,"""Evan Longoria""",TBA,0,TBA,5
TOR201605180,souzs001,"""Steven Souza""",TBA,0,TBA,9
TOR201605180,morrl001,"""Logan Morrison""",TBA,0,TBA,3
TOR201605180,jennd002,"""Desmond Jennings""",TBA,0,TBA,7
TOR201605180,kierk001,"""Kevin Kiermaier""",TBA,0,TBA,8
TOR201605180,congh001,"""Hank Conger""",TBA,0,TBA,2
TOR201605180,beckt001,"""Tim Beckham""",TBA,0,TBA,4
TOR201605180,odorj001,"""Jake Odorizzi""",TBA,0,TBA,1
TOR201605180,saunm001,"""Michael Saunders""",TOR,1,TOR,7
TOR201605180,bautj002,"""Jose Bautista""",TOR,1,TOR,9
TOR201605180,encae001,"""Edwin Encarnacion""",TOR,1,TOR,10
TOR201605180,smoaj001,"""Justin Smoak""",TOR,1,TOR,3
TOR201605180,tulot001,"""Troy Tulowitzki""",TOR,1,TOR,6
TOR201605180,parej002,"""Jimmy Paredes""",TOR,1,TOR,5
TOR201605180,pillk001,"""Kevin Pillar""",TOR,1,TOR,8
TOR201605180,goinr001,"""Ryan Goins""",TOR,1,TOR,4
TOR201605180,tholj001,"""Josh Thole""",TOR,1,TOR,2
TOR201605180,dickr001,"""R.A. Dickey""",TOR,1,TOR,1
TOR201605270,bettm001,"""Mookie Betts""",BOS,0,BOS,9
TOR201605270,pedrd001,"""Dustin Pedroia""",BOS,0,BOS,4
TOR201605270,bogax001,"""Xander Bogaerts""",BOS,0,BOS,6
TOR201605270,shawt001,"""Travis Shaw""",BOS,0,BOS,3
TOR201605270,ramih003,"""Hanley Ramirez""",BOS,0,BOS,10
TOR201605270,bradj001,"""Jackie Bradley""",BOS,0,BOS,8
TOR201605270,hernm003,"""Marco Hernandez""",BOS,0,BOS,5
TOR201605270,vazqc001,"""Christian Vazquez""",BOS,0,BOS,2
TOR201605270,swihb001,"""Blake Swihart""",BOS,0,BOS,7
TOR201605270,kellj001,"""Joe Kelly""",BOS,0,BOS,1
TOR201605270,carre001,"""Ezequiel Carrera""",TOR,1,TOR,9
TOR201605270,donaj001,"""Josh Donaldson""",TOR,1,TOR,5
TOR201605270,encae001,"""Edwin Encarnacion""",TOR,1,TOR,10
TOR201605270,saunm001,"""Michael Saunders""",TOR,1,TOR,7
TOR201605270,tulot001,"""Troy Tulowitzki""",TOR,1,TOR,6
TOR201605270,smoaj001,"""Justin Smoak""",TOR,1,TOR,3
TOR201605270,martr004,"""Russell Martin""",TOR,1,TOR,2
TOR201605270,travd001,"""Devon Travis""",TOR,1,TOR,4
TOR201605270,pillk001,"""Kevin Pillar""",TOR,1,TOR,8
TOR201605270,sanca006,"""Aaron Sanchez""",TOR,1,TOR,1
TOR201605280,bettm001,"""Mookie Betts""",BOS,0,BOS,9
TOR201605280,pedrd001,"""Dustin Pedroia""",BOS,0,BOS,4
TOR201605280,bogax001,"""Xander Bogaerts""",BOS,0,BOS,6
TOR201605280,ortid001,"""David Ortiz""",BOS,0,BOS,10
TOR201605280,ramih003,"""Hanley Ramirez""",BOS,0,BOS,3
TOR201605280,bradj001,"""Jackie Bradley""",BOS,0,BOS,8
TOR201605280,shawt001,"""Travis Shaw""",BOS,0,BOS,5
TOR201605280,younc004,"""Chris Young""",BOS,0,BOS,7
TOR201605280,vazqc001,"""Christian Vazquez""",BOS,0,BOS,2
TOR201605280,porcr001,"""Rick Porcello""",BOS,0,BOS,1
TOR201605280,bautj002,"""Jose Bautista""",TOR,1,TOR,9
TOR201605280,donaj001,"""Josh Donaldson""",TOR,1,TOR,5
TOR201605280,encae001,"""Edwin Encarnacion""",TOR,1,TOR,10
TOR201605280,saunm001,"""Michael Saunders""",TOR,1,TOR,7
TOR201605280,smoaj001,"""Justin Smoak""",TOR,1,TOR,3
TOR201605280,martr004,"""Russell Martin""",TOR,1,TOR,2
TOR201605280,travd001,"""Devon Travis""",TOR,1,TOR,4
TOR201605280,barnd001,"""Darwin Barney""",TOR,1,TOR,6
TOR201605280,pillk001,"""Kevin Pillar""",TOR,1,TOR,8
TOR201605280,strom001,"""Marcus Stroman""",TOR,1,TOR,1
TOR201605290,bettm001,"""Mookie Betts""",BOS,0,BOS,9
TOR201605290,pedrd001,"""Dustin Pedroia""",BOS,0,BOS,4
TOR201605290,bogax001,"""Xander Bogaerts""",BOS,0,BOS,6
TOR201605290,shawt001,"""Travis Shaw""",BOS,0,BOS,3
TOR201605290,ramih003,"""Hanley Ramirez""",BOS,0,BOS,10
TOR201605290,bradj001,"""Jackie Bradley""",BOS,0,BOS,8
TOR201605290,rutlj001,"""Josh Rutledge""",BOS,0,BOS,5
TOR201605290,vazqc001,"""Christian Vazquez""",BOS,0,BOS,2
TOR201605290,swihb001,"""Blake Swihart""",BOS,0,BOS,7
TOR201605290,pricd001,"""David Price""",BOS,0,BOS,1
TOR201605290,bautj002,"""Jose Bautista""",TOR,1,TOR,9
TOR201605290,donaj001,"""Josh Donaldson""",TOR,1,TOR,5
TOR201605290,encae001,"""Edwin Encarnacion""",TOR,1,TOR,10
TOR201605290,smoaj001,"""Justin Smoak""",TOR,1,TOR,3
TOR201605290,travd001,"""Devon Travis""",TOR,1,TOR,4
TOR201605290,barnd001,"""Darwin Barney""",TOR,1,TOR,6
TOR201605290,pillk001,"""Kevin Pillar""",TOR,1,TOR,8
TOR201605290,carre001,"""Ezequiel Carrera""",TOR,1,TOR,7
TOR201605290,tholj001,"""Josh Thole""",TOR,1,TOR,2
TOR201605290,dickr001,"""R.A. Dickey""",TOR,1,TOR,1
TOR201605300,ellsj001,"""Jacoby Ellsbury""",NYA,0,NYA,8
TOR201605300,gardb001,"""Brett Gardner""",NYA,0,NYA,7
TOR201605300,beltc001,"""Carlos Beltran""",NYA,0,NYA,10
TOR201605300,mccab002,"""Brian McCann""",NYA,0,NYA,2
TOR201605300,teixm001,"""Mark Teixeira""",NYA,0,NYA,3
TOR201605300,casts001,"""Starlin Castro""",NYA,0,NYA,4
TOR201605300,headc001,"""Chase Headley""",NYA,0,NYA,5
TOR201605300,gregd001,"""Didi Gregorius""",NYA,0,NYA,6
TOR201605300,hicka001,"""Aaron Hicks""",NYA,0,NYA,9
TOR201605300,novai001,"""Ivan Nova""",NYA,0,NYA,1
TOR201605300,bautj002,"""Jose Bautista""",TOR,1,TOR,9
TOR201605300,donaj001,"""Josh Donaldson""",TOR,1,TOR,5
TOR201605300,encae001,"""Edwin Encarnacion""",TOR,1,TOR,10
TOR201605300,saunm001,"""Michael Saunders""",TOR,1,TOR,7
TOR201605300,smoaj001,"""Justin Smoak""",TOR,1,TOR,3
TOR201605300,martr004,"""Russell Martin""",TOR,1,TOR,2
TOR201605300,barnd001,"""Darwin Barney""",TOR,1,TOR,4
TOR201605300,pillk001,"""Kevin Pillar""",TOR,1,TOR,8
TOR201605300,goinr001,"""Ryan Goins""",TOR,1,TOR,6
TOR201605300,estrm001,"""Marco Estrada""",TOR,1,TOR,1
TOR201605310,ellsj001,"""Jacoby Ellsbury""",NYA,0,NYA,8
TOR201605310,refsr001,"""Rob Refsnyder""",NYA,0,NYA,9
TOR201605310,teixm001,"""Mark Teixeira""",NYA,0,NYA,3
TOR201605310,beltc001,"""Carlos Beltran""",NYA,0,NYA,10
TOR201605310,casts001,"""Starlin Castro""",NYA,0,NYA,4
TOR201605310,headc001,"""Chase Headley""",NYA,0,NYA,5
TOR201605310,romia002,"""Austin Romine""",NYA,0,NYA,2
TOR201605310,gregd001,"""Didi Gregorius""",NYA,0,NYA,6
TOR201605310,hicka001,"""Aaron Hicks""",NYA,0,NYA,7
TOR201605310,sabac001,"""CC Sabathia""",NYA,0,NYA,1
TOR201605310,bautj002,"""Jose Bautista""",TOR,1,TOR,9
TOR201605310,donaj001,"""Josh Donaldson""",TOR,1,TOR,5
TOR201605310,encae001,"""Edwin Encarnacion""",TOR,1,TOR,10
TOR201605310,smoaj001,"""Justin Smoak""",TOR,1,TOR,3
TOR201605310,martr004,"""Russell Martin""",TOR,1,TOR,2
TOR201605310,travd001,"""Devon Travis""",TOR,1,TOR,4
TOR201605310,pillk001,"""Kevin Pillar""",TOR,1,TOR,8
TOR201605310,barnd001,"""Darwin Barney""",TOR,1,TOR,6
TOR201605310,carre001,"""Ezequiel Carrera""",TOR,1,TOR,7
TOR201605310,happj001,"""J.A. Happ""",TOR,1,TOR,1
TOR201606010,ellsj001,"""Jacoby Ellsbury""",NYA,0,NYA,8
TOR201606010,gardb001,"""Brett Gardner""",NYA,0,NYA,7
TOR201606010,beltc001,"""Carlos Beltran""",NYA,0,NYA,9
TOR201606010,mccab002,"""Brian McCann""",NYA,0,NYA,2
TOR201606010,teixm001,"""Mark Teixeira""",NYA,0,NYA,3
TOR201606010,rodra001,"""Alex Rodriguez""",NYA,0,NYA,10
TOR201606010,gregd001,"""Didi Gregorius""",NYA,0,NYA,6
TOR201606010,headc001,"""Chase Headley""",NYA,0,NYA,5
TOR201606010,torrr001,"""Ronald Torreyes""",NYA,0,NYA,4
TOR201606010,tanam001,"""Masahiro Tanaka""",NYA,0,NYA,1
TOR201606010,bautj002,"""Jose Bautista""",TOR,1,TOR,9
TOR201606010,donaj001,"""Josh Donaldson""",TOR,1,TOR,5
TOR201606010,encae001,"""Edwin Encarnacion""",TOR,1,TOR,10
TOR201606010,saunm001,"""Michael Saunders""",TOR,1,TOR,7
TOR201606010,smoaj001,"""Justin Smoak""",TOR,1,TOR,3
TOR201606010,martr004,"""Russell Martin""",TOR,1,TOR,2
TOR201606010,travd001,"""Devon Travis""",TOR,1,TOR,4
TOR201606010,pillk001,"""Kevin Pillar""",TOR,1,TOR,8
TOR201606010,barnd001,"""Darwin Barney""",TOR,1,TOR,6
TOR201606010,sanca006,"""Aaron Sanchez""",TOR,1,TOR,1
TOR201606090,jonea003,"""Adam Jones""",BAL,0,BAL,8
TOR201606090,kim-h001,"""Hyun Soo Kim""",BAL,0,BAL,7
TOR201606090,machm001,"""Manny Machado""",BAL,0,BAL,6
TOR201606090,davic003,"""Chris Davis""",BAL,0,BAL,3
TOR201606090,trumm001,"""Mark Trumbo""",BAL,0,BAL,9
TOR201606090,wietm001,"""Matt Wieters""",BAL,0,BAL,2
TOR201606090,alvap001,"""Pedro Alvarez""",BAL,0,BAL,10
TOR201606090,schoj001,"""Jonathan Schoop""",BAL,0,BAL,4
TOR201606090,flahr001,"""Ryan Flaherty""",BAL,0,BAL,5
TOR201606090,wilst004,"""Tyler Wilson""",BAL,0,BAL,1
TOR201606090,bautj002,"""Jose Bautista""",TOR,1,TOR,9
TOR201606090,donaj001,"""Josh Donaldson""",TOR,1,TOR,5
TOR201606090,encae001,"""Edwin Encarnacion""",TOR,1,TOR,10
TOR201606090,saunm001,"""Michael Saunders""",TOR,1,TOR,7
TOR201606090,smoaj001,"""Justin Smoak""",TOR,1,TOR,3
TOR201606090,martr004,"""Russell Martin""",TOR,1,TOR,2
TOR201606090,pillk001,"""Kevin Pillar""",TOR,1,TOR,8
TOR201606090,travd001,"""Devon Travis""",TOR,1,TOR,4
TOR201606090,barnd001,"""Darwin Barney""",TOR,1,TOR,6
TOR201606090,strom001,"""Marcus Stroman""",TOR,1,TOR,1
TOR201606100,jonea003,"""Adam Jones""",BAL,0,BAL,8
TOR201606100,kim-h001,"""Hyun Soo Kim""",BAL,0,BAL,7
TOR201606100,machm001,"""Manny Machado""",BAL,0,BAL,6
TOR201606100,davic003,"""Chris Davis""",BAL,0,BAL,3
TOR201606100,trumm001,"""Mark Trumbo""",BAL,0,BAL,10
TOR201606100,wietm001,"""Matt Wieters""",BAL,0,BAL,2
TOR201606100,schoj001,"""Jonathan Schoop""",BAL,0,BAL,4
TOR201606100,reimn001,"""Nolan Reimold""",BAL,0,BAL,9
TOR201606100,flahr001,"""Ryan Flaherty""",BAL,0,BAL,5
TOR201606100,gausk001,"""Kevin Gausman""",BAL,0,BAL,1
TOR201606100,carre001,"""Ezequiel Carrera""",TOR,1,TOR,9
TOR201606100,donaj001,"""Josh Donaldson""",TOR,1,TOR,5
TOR201606100,encae001,"""Edwin Encarnacion""",TOR,1,TOR,10
TOR201606100,saunm001,"""Michael Saunders""",TOR,1,TOR,7
TOR201606100,smoaj001,"""Justin Smoak""",TOR,1,TOR,3
TOR201606100,martr004,"""Russell Martin""",TOR,1,TOR,2
TOR201606100,pillk001,"""Kevin Pillar""",TOR,1,TOR,8
TOR201606100,travd001,"""Devon Travis""",TOR,1,TOR,4
TOR201606100,barnd001,"""Darwin Barney""",TOR,1,TOR,6
TOR201606100,estrm001,"""Marco Estrada""",TOR,1,TOR,1
TOR201606110,jonea003,"""Adam Jones""",BAL,0,BAL,8
TOR201606110,rickj001,"""Joey Rickard""",BAL,0,BAL,9
TOR201606110,machm001,"""Manny Machado""",BAL,0,BAL,6
TOR201606110,davic003,"""Chris Davis""",BAL,0,BAL,3
TOR201606110,trumm001,"""Mark Trumbo""",BAL,0,BAL,10
TOR201606110,schoj001,"""Jonathan Schoop""",BAL,0,BAL,4
TOR201606110,reimn001,"""Nolan Reimold""",BAL,0,BAL,7
TOR201606110,penaf001,"""Francisco Pena""",BAL,0,BAL,2
TOR201606110,janip001,"""Paul Janish""",BAL,0,BAL,5
TOR201606110,wrigm001,"""Mike Wright""",BAL,0,BAL,1
TOR201606110,carre001,"""Ezequiel Carrera""",TOR,1,TOR,9
TOR201606110,donaj001,"""Josh Donaldson""",TOR,1,TOR,5
TOR201606110,encae001,"""Edwin Encarnacion""",TOR,1,TOR,10
TOR201606110,saunm001,"""Michael Saunders""",TOR,1,TOR,7
TOR201606110,smoaj001,"""Justin Smoak""",TOR,1,TOR,3
TOR201606110,pillk001,"""Kevin Pillar""",TOR,1,TOR,8
TOR201606110,barnd001,"""Darwin Barney""",TOR,1,TOR,4
TOR201606110,goinr001,"""Ryan Goins""",TOR,1,TOR,6
TOR201606110,tholj001,"""Josh Thole""",TOR,1,TOR,2
TOR201606110,happj001,"""J.A. Happ""",TOR,1,TOR,1
TOR201606120,jonea003,"""Adam Jones""",BAL,0,BAL,8
TOR201606120,kim-h001,"""Hyun Soo Kim""",BAL,0,BAL,7
TOR201606120,machm001,"""Manny Machado""",BAL,0,BAL,6
TOR201606120,davic003,"""Chris Davis""",BAL,0,BAL,3
TOR201606120,trumm001,"""Mark Trumbo""",BAL,0,BAL,9
TOR201606120,wietm001,"""Matt Wieters""",BAL,0,BAL,2
TOR201606120,alvap001,"""Pedro Alvarez""",BAL,0,BAL,10
TOR201606120,schoj001,"""Jonathan Schoop""",BAL,0,BAL,4
TOR201606120,flahr001,"""Ryan Flaherty""",BAL,0,BAL,5
TOR201606120,jimeu001,"""Ubaldo Jimenez""",BAL,0,BAL,1
TOR201606120,carre001,"""Ezequiel Carrera""",TOR,1,TOR,9
TOR201606120,donaj001,"""Josh Donaldson""",TOR,1,TOR,10
TOR201606120,encae001,"""Edwin Encarnacion""",TOR,1,TOR,3
TOR201606120,saunm001,"""Michael Saunders""",TOR,1,TOR,7
TOR201606120,martr004,"""Russell Martin""",TOR,1,TOR,2
TOR201606120,pillk001,"""Kevin Pillar""",TOR,1,TOR,8
TOR201606120,travd001,"""Devon Travis""",TOR,1,TOR,4
TOR201606120,goinr001,"""Ryan Goins""",TOR,1,TOR,6
TOR201606120,barnd001,"""Darwin Barney""",TOR,1,TOR,5
TOR201606120,sanca006,"""Aaron Sanchez""",TOR,1,TOR,1
TOR201606130,herro001,"""Odubel Herrera""",PHI,0,PHI,8
TOR201606130,galvf001,"""Freddy Galvis""",PHI,0,PHI,6
TOR201606130,blana001,"""Andres Blanco""",PHI,0,PHI,5
TOR201606130,joset001,"""Tommy Joseph""",PHI,0,PHI,3
TOR201606130,howar001,"""Ryan Howard""",PHI,0,PHI,10
TOR201606130,ruizc001,"""Carlos Ruiz""",PHI,0,PHI,2
TOR201606130,aschc001,"""Cody Asche""",PHI,0,PHI,7
TOR201606130,hernc005,"""Cesar Hernandez""",PHI,0,PHI,4
TOR201606130,bourp001,"""Peter Bourjos""",PHI,0,PHI,9
TOR201606130,eickj001,"""Jerad Eickhoff""",PHI,0,PHI,1
TOR201606130,bautj002,"""Jose Bautista""",TOR,1,TOR,10
TOR201606130,donaj001,"""Josh Donaldson""",TOR,1,TOR,5
TOR201606130,saunm001,"""Michael Saunders""",TOR,1,TOR,7
TOR201606130,smoaj001,"""Justin Smoak""",TOR,1,TOR,3
TOR201606130,pillk001,"""Kevin Pillar""",TOR,1,TOR,8
TOR201606130,carre001,"""Ezequiel Carrera""",TOR,1,TOR,9
TOR201606130,barnd001,"""Darwin Barney""",TOR,1,TOR,6
TOR201606130,travd001,"""Devon Travis""",TOR,1,TOR,4
TOR201606130,tholj001,"""Josh Thole""",TOR,1,TOR,2
TOR201606130,dickr001,"""R.A. Dickey""",TOR,1,TOR,1
TOR201606140,herro001,"""Odubel Herrera""",PHI,0,PHI,8
TOR201606140,galvf001,"""Freddy Galvis""",PHI,0,PHI,6
TOR201606140,blana001,"""Andres Blanco""",PHI,0,PHI,5
TOR201606140,joset001,"""Tommy Joseph""",PHI,0,PHI,3
TOR201606140,howar001,"""Ryan Howard""",PHI,0,PHI,10
TOR201606140,ruppc001,"""Cameron Rupp""",PHI,0,PHI,2
TOR201606140,aschc001,"""Cody Asche""",PHI,0,PHI,7
TOR201606140,hernc005,"""Cesar Hernandez""",PHI,0,PHI,4
TOR201606140,bourp001,"""Peter Bourjos""",PHI,0,PHI,9
TOR201606140,efliz001,"""Zach Eflin""",PHI,0,PHI,1
TOR201606140,bautj002,"""Jose Bautista""",TOR,1,TOR,10
TOR201606140,donaj001,"""Josh Donaldson""",TOR,1,TOR,5
TOR201606140,encae001,"""Edwin Encarnacion""",TOR,1,TOR,3
TOR201606140,saunm001,"""Michael Saunders""",TOR,1,TOR,7
TOR201606140,martr004,"""Russell Martin""",TOR,1,TOR,2
TOR201606140,carre001,"""Ezequiel Carrera""",TOR,1,TOR,9
TOR201606140,pillk001,"""Kevin Pillar""",TOR,1,TOR,8
TOR201606140,travd001,"""Devon Travis""",TOR,1,TOR,4
TOR201606140,goinr001,"""Ryan Goins""",TOR,1,TOR,6
TOR201606140,strom001,"""Marcus Stroman""",TOR,1,TOR,1
TOR201606210,seguj002,"""Jean Segura""",ARI,0,ARI,4
TOR201606210,herrc001,"""Chris Herrmann""",ARI,0,ARI,2
TOR201606210,goldp001,"""Paul Goldschmidt""",ARI,0,ARI,3
TOR201606210,lambj001,"""Jake Lamb""",ARI,0,ARI,5
TOR201606210,weekr001,"""Rickie Weeks""",ARI,0,ARI,10
TOR201606210,tomay001,"""Yasmany Tomas""",ARI,0,ARI,9
TOR201606210,obrip002,"""Peter O'Brien""",ARI,0,ARI,7
TOR201606210,ahmen001,"""Nick Ahmed""",ARI,0,ARI,6
TOR201606210,bourm001,"""Michael Bourn""",ARI,0,ARI,8
TOR201606210,corbp001,"""Patrick Corbin""",ARI,0,ARI,1
TOR201606210,carre001,"""Ezequiel Carrera""",TOR,1,TOR,9
TOR201606210,travd001,"""Devon Travis""",TOR,1,TOR,10
TOR201606210,donaj001,"""Josh Donaldson""",TOR,1,TOR,5
TOR201606210,encae001,"""Edwin Encarnacion""",TOR,1,TOR,3
TOR201606210,martr004,"""Russell Martin""",TOR,1,TOR,2
TOR201606210,saunm001,"""Michael Saunders""",TOR,1,TOR,7
TOR201606210,tulot001,"""Troy Tulowitzki""",TOR,1,TOR,6
TOR201606210,pillk001,"""Kevin Pillar""",TOR,1,TOR,8
TOR201606210,barnd001,"""Darwin Barney""",TOR,1,TOR,4
TOR201606210,estrm001,"""Marco Estrada""",TOR,1,TOR,1
TOR201606220,seguj002,"""Jean Segura""",ARI,0,ARI,4
TOR201606220,gossp001,"""Phil Gosselin""",ARI,0,ARI,5
TOR201606220,goldp001,"""Paul Goldschmidt""",ARI,0,ARI,3
TOR201606220,weekr001,"""Rickie Weeks""",ARI,0,ARI,10
TOR201606220,castw002,"""Welington Castillo""",ARI,0,ARI,2
TOR201606220,obrip002,"""Peter O'Brien""",ARI,0,ARI,7
TOR201606220,tomay001,"""Yasmany Tomas""",ARI,0,ARI,9
TOR201606220,ahmen001,"""Nick Ahmed""",ARI,0,ARI,6
TOR201606220,bourm001,"""Michael Bourn""",ARI,0,ARI,8
TOR201606220,ray-r002,"""Robbie Ray""",ARI,0,ARI,1
TOR201606220,travd001,"""Devon Travis""",TOR,1,TOR,4
TOR201606220,donaj001,"""Josh Donaldson""",TOR,1,TOR,5
TOR201606220,encae001,"""Edwin Encarnacion""",TOR,1,TOR,10
TOR201606220,saunm001,"""Michael Saunders""",TOR,1,TOR,7
TOR201606220,martr004,"""Russell Martin""",TOR,1,TOR,2
TOR201606220,tulot001,"""Troy Tulowitzki""",TOR,1,TOR,6
TOR201606220,smoaj001,"""Justin Smoak""",TOR,1,TOR,3
TOR201606220,pillk001,"""Kevin Pillar""",TOR,1,TOR,8
TOR201606220,cecid001,"""Darrell Ceciliani""",TOR,1,TOR,9
TOR201606220,happj001,"""J.A. Happ""",TOR,1,TOR,1
TOR201606300,santc002,"""Carlos Santana""",CLE,0,CLE,3
TOR201606300,kipnj001,"""Jason Kipnis""",CLE,0,CLE,4
TOR201606300,lindf001,"""Francisco Lindor""",CLE,0,CLE,6
TOR201606300,napom001,"""Mike Napoli""",CLE,0,CLE,10
TOR201606300,ramij003,"""Jose Ramirez""",CLE,0,CLE,7
TOR201606300,davir003,"""Rajai Davis""",CLE,0,CLE,8
TOR201606300,naqut001,"""Tyler Naquin""",CLE,0,CLE,9
TOR201606300,uribj002,"""Juan Uribe""",CLE,0,CLE,5
TOR201606300,gimec001,"""Chris Gimenez""",CLE,0,CLE,2
TOR201606300,carrc003,"""Carlos Carrasco""",CLE,0,CLE,1
TOR201606300,carre001,"""Ezequiel Carrera""",TOR,1,TOR,9
TOR201606300,travd001,"""Devon Travis""",TOR,1,TOR,4
TOR201606300,donaj001,"""Josh Donaldson""",TOR,1,TOR,5
TOR201606300,encae001,"""Edwin Encarnacion""",TOR,1,TOR,10
TOR201606300,saunm001,"""Michael Saunders""",TOR,1,TOR,7
TOR201606300,pillk001,"""Kevin Pillar""",TOR,1,TOR,8
TOR201606300,smoaj001,"""Justin Smoak""",TOR,1,TOR,3
TOR201606300,barnd001,"""Darwin Barney""",TOR,1,TOR,6
TOR201606300,tholj001,"""Josh Thole""",TOR,1,TOR,2
TOR201606300,dickr001,"""R.A. Dickey""",TOR,1,TOR,1
TOR201607010,santc002,"""Carlos Santana""",CLE,0,CLE,10
TOR201607010,kipnj001,"""Jason Kipnis""",CLE,0,CLE,4
TOR201607010,lindf001,"""Francisco Lindor""",CLE,0,CLE,6
TOR201607010,napom001,"""Mike Napoli""",CLE,0,CLE,3
TOR201607010,ramij003,"""Jose Ramirez""",CLE,0,CLE,5
TOR201607010,chisl001,"""Lonnie Chisenhall""",CLE,0,CLE,9
TOR201607010,gomey001,"""Yan Gomes""",CLE,0,CLE,2
TOR201607010,naqut001,"""Tyler Naquin""",CLE,0,CLE,8
TOR201607010,davir003,"""Rajai Davis""",CLE,0,CLE,7
TOR201607010,tomlj001,"""Josh Tomlin""",CLE,0,CLE,1
TOR201607010,carre001,"""Ezequiel Carrera""",TOR,1,TOR,9
TOR201607010,donaj001,"""Josh Donaldson""",TOR,1,TOR,5
TOR201607010,encae001,"""Edwin Encarnacion""",TOR,1,TOR,10
TOR201607010,saunm001,"""Michael Saunders""",TOR,1,TOR,7
TOR201607010,martr004,"""Russell Martin""",TOR,1,TOR,2
TOR201607010,tulot001,"""Troy Tulowitzki""",TOR,1,TOR,6
TOR201607010,smoaj001,"""Justin Smoak""",TOR,1,TOR,3
TOR201607010,pillk001,"""Kevin Pillar""",TOR,1,TOR,8
TOR201607010,barnd001,"""Darwin Barney""",TOR,1,TOR,4
TOR201607010,strom001,"""Marcus Stroman""",TOR,1,TOR,1
TOR201607020,davir003,"""Rajai Davis""",CLE,0,CLE,7
TOR201607020,kipnj001,"""Jason Kipnis""",CLE,0,CLE,4
TOR201607020,ramij003,"""Jose Ramirez""",CLE,0,CLE,6
TOR201607020,napom001,"""Mike Napoli""",CLE,0,CLE,10
TOR201607020,santc002,"""Carlos Santana""",CLE,0,CLE,3
TOR201607020,chisl001,"""Lonnie Chisenhall""",CLE,0,CLE,9
TOR201607020,uribj002,"""Juan Uribe""",CLE,0,CLE,5
TOR201607020,naqut001,"""Tyler Naquin""",CLE,0,CLE,8
TOR201607020,gimec001,"""Chris Gimenez""",CLE,0,CLE,2
TOR201607020,mcalz001,"""Zach McAllister""",CLE,0,CLE,1
TOR201607020,carre001,"""Ezequiel Carrera""",TOR,1,TOR,9
TOR201607020,travd001,"""Devon Travis""",TOR,1,TOR,4
TOR201607020,donaj001,"""Josh Donaldson""",TOR,1,TOR,10
TOR201607020,encae001,"""Edwin Encarnacion""",TOR,1,TOR,3
TOR201607020,saunm001,"""Michael Saunders""",TOR,1,TOR,7
TOR201607020,martr004,"""Russell Martin""",TOR,1,TOR,2
TOR201607020,tulot001,"""Troy Tulowitzki""",TOR,1,TOR,6
TOR201607020,pillk001,"""Kevin Pillar""",TOR,1,TOR,8
TOR201607020,barnd001,"""Darwin Barney""",TOR,1,TOR,5
TOR201607020,estrm001,"""Marco Estrada""",TOR,1,TOR,1
TOR201607030,davir003,"""Rajai Davis""",CLE,0,CLE,7
TOR201607030,kipnj001,"""Jason Kipnis""",CLE,0,CLE,4
TOR201607030,lindf001,"""Francisco Lindor""",CLE,0,CLE,6
TOR201607030,napom001,"""Mike Napoli""",CLE,0,CLE,10
TOR201607030,santc002,"""Carlos Santana""",CLE,0,CLE,3
TOR201607030,ramij003,"""Jose Ramirez""",CLE,0,CLE,5
TOR201607030,gomey001,"""Yan Gomes""",CLE,0,CLE,2
TOR201607030,almoa001,"""Abraham Almonte""",CLE,0,CLE,8
TOR201607030,chisl001,"""Lonnie Chisenhall""",CLE,0,CLE,9
TOR201607030,klubc001,"""Corey Kluber""",CLE,0,CLE,1
TOR201607030,carre001,"""Ezequiel Carrera""",TOR,1,TOR,8
TOR201607030,donaj001,"""Josh Donaldson""",TOR,1,TOR,5
TOR201607030,encae001,"""Edwin Encarnacion""",TOR,1,TOR,10
TOR201607030,saunm001,"""Michael Saunders""",TOR,1,TOR,7
TOR201607030,martr004,"""Russell Martin""",TOR,1,TOR,2
TOR201607030,tulot001,"""Troy Tulowitzki""",TOR,1,TOR,6
TOR201607030,smoaj001,"""Justin Smoak""",TOR,1,TOR,3
TOR201607030,lakej001,"""Junior Lake""",TOR,1,TOR,9
TOR201607030,barnd001,"""Darwin Barney""",TOR,1,TOR,4
TOR201607030,happj001,"""J.A. Happ""",TOR,1,TOR,1
TOR201607040,gorda001,"""Alex Gordon""",KCA,0,KCA,7
TOR201607040,merrw001,"""Whit Merrifield""",KCA,0,KCA,4
TOR201607040,morak001,"""Kendrys Morales""",KCA,0,KCA,10
TOR201607040,hosme001,"""Eric Hosmer""",KCA,0,KCA,3
TOR201607040,peres002,"""Salvador Perez""",KCA,0,KCA,2
TOR201607040,orlap001,"""Paulo Orlando""",KCA,0,KCA,9
TOR201607040,cuthc001,"""Cheslor Cuthbert""",KCA,0,KCA,5
TOR201607040,escoa003,"""Alcides Escobar""",KCA,0,KCA,6
TOR201607040,dysoj001,"""Jarrod Dyson""",KCA,0,KCA,8
TOR201607040,volqe001,"""Edinson Volquez""",KCA,0,KCA,1
TOR201607040,carre001,"""Ezequiel Carrera""",TOR,1,TOR,9
TOR201607040,donaj001,"""Josh Donaldson""",TOR,1,TOR,10
TOR201607040,encae001,"""Edwin Encarnacion""",TOR,1,TOR,3
TOR201607040,saunm001,"""Michael Saunders""",TOR,1,TOR,7
TOR201607040,martr004,"""Russell Martin""",TOR,1,TOR,2
TOR201607040,tulot001,"""Troy Tulowitzki""",TOR,1,TOR,6
TOR201607040,pillk001,"""Kevin Pillar""",TOR,1,TOR,8
TOR201607040,travd001,"""Devon Travis""",TOR,1,TOR,4
TOR201607040,barnd001,"""Darwin Barney""",TOR,1,TOR,5
TOR201607040,sanca006,"""Aaron Sanchez""",TOR,1,TOR,1
TOR201607050,gorda001,"""Alex Gordon""",KCA,0,KCA,7
TOR201607050,coloc002,"""Christian Colon""",KCA,0,KCA,4
TOR201607050,morak001,"""Kendrys Morales""",KCA,0,KCA,10
TOR201607050,hosme001,"""Eric Hosmer""",KCA,0,KCA,3
TOR201607050,peres002,"""Salvador Perez""",KCA,0,KCA,2
TOR201607050,cuthc001,"""Cheslor Cuthbert""",KCA,0,KCA,5
TOR201607050,eibnb001,"""Brett Eibner""",KCA,0,KCA,9
TOR201607050,escoa003,"""Alcides Escobar""",KCA,0,KCA,6
TOR201607050,dysoj001,"""Jarrod Dyson""",KCA,0,KCA,8
TOR201607050,younc003,"""Chris Young""",KCA,0,KCA,1
TOR201607050,carre001,"""Ezequiel Carrera""",TOR,1,TOR,9
TOR201607050,donaj001,"""Josh Donaldson""",TOR,1,TOR,5
TOR201607050,encae001,"""Edwin Encarnacion""",TOR,1,TOR,10
TOR201607050,saunm001,"""Michael Saunders""",TOR,1,TOR,7
TOR201607050,tulot001,"""Troy Tulowitzki""",TOR,1,TOR,6
TOR201607050,pillk001,"""Kevin Pillar""",TOR,1,TOR,8
TOR201607050,smoaj001,"""Justin Smoak""",TOR,1,TOR,3
TOR201607050,travd001,"""Devon Travis""",TOR,1,TOR,4
TOR201607050,tholj001,"""Josh Thole""",TOR,1,TOR,2
TOR201607050,dickr001,"""R.A. Dickey""",TOR,1,TOR,1
TOR201607060,gorda001,"""Alex Gordon""",KCA,0,KCA,7
TOR201607060,merrw001,"""Whit Merrifield""",KCA,0,KCA,4
TOR201607060,hosme001,"""Eric Hosmer""",KCA,0,KCA,3
TOR201607060,peres002,"""Salvador Perez""",KCA,0,KCA,2
TOR201607060,cuthc001,"""Cheslor Cuthbert""",KCA,0,KCA,5
TOR201607060,orlap001,"""Paulo Orlando""",KCA,0,KCA,9
TOR201607060,eibnb001,"""Brett Eibner""",KCA,0,KCA,10
TOR201607060,escoa003,"""Alcides Escobar""",KCA,0,KCA,6
TOR201607060,dysoj001,"""Jarrod Dyson""",KCA,0,KCA,8
TOR201607060,kenni001,"""Ian Kennedy""",KCA,0,KCA,1
TOR201607060,carre001,"""Ezequiel Carrera""",TOR,1,TOR,7
TOR201607060,donaj001,"""Josh Donaldson""",TOR,1,TOR,5
TOR201607060,encae001,"""Edwin Encarnacion""",TOR,1,TOR,3
TOR201607060,saunm001,"""Michael Saunders""",TOR,1,TOR,10
TOR201607060,martr004,"""Russell Martin""",TOR,1,TOR,2
TOR201607060,tulot001,"""Troy Tulowitzki""",TOR,1,TOR,6
TOR201607060,pillk001,"""Kevin Pillar""",TOR,1,TOR,8
TOR201607060,lakej001,"""Junior Lake""",TOR,1,TOR,9
TOR201607060,travd001,"""Devon Travis""",TOR,1,TOR,4
TOR201607060,strom001,"""Marcus Stroman""",TOR,1,TOR,1
TOR201607070,kinsi001,"""Ian Kinsler""",DET,0,DET,4
TOR201607070,maybc001,"""Cameron Maybin""",DET,0,DET,8
TOR201607070,cabrm001,"""Miguel Cabrera""",DET,0,DET,3
TOR201607070,martv001,"""Victor Martinez""",DET,0,DET,10
TOR201607070,castn001,"""Nick Castellanos""",DET,0,DET,5
TOR201607070,uptoj001,"""Justin Upton""",DET,0,DET,7
TOR201607070,moyas001,"""Steven Moya""",DET,0,DET,9
TOR201607070,mccaj001,"""James McCann""",DET,0,DET,2
TOR201607070,iglej001,"""Jose Iglesias""",DET,0,DET,6
TOR201607070,verlj001,"""Justin Verlander""",DET,0,DET,1
TOR201607070,carre001,"""Ezequiel Carrera""",TOR,1,TOR,9
TOR201607070,donaj001,"""Josh Donaldson""",TOR,1,TOR,5
TOR201607070,encae001,"""Edwin Encarnacion""",TOR,1,TOR,10
TOR201607070,saunm001,"""Michael Saunders""",TOR,1,TOR,7
TOR201607070,martr004,"""Russell Martin""",TOR,1,TOR,2
TOR201607070,tulot001,"""Troy Tulowitzki""",TOR,1,TOR,6
TOR201607070,smoaj001,"""Justin Smoak""",TOR,1,TOR,3
TOR201607070,pillk001,"""Kevin Pillar""",TOR,1,TOR,8
TOR201607070,barnd001,"""Darwin Barney""",TOR,1,TOR,4
TOR201607070,hutcd001,"""Drew Hutchison""",TOR,1,TOR,1
TOR201607080,kinsi001,"""Ian Kinsler""",DET,0,DET,4
TOR201607080,maybc001,"""Cameron Maybin""",DET,0,DET,8
TOR201607080,cabrm001,"""Miguel Cabrera""",DET,0,DET,3
TOR201607080,martv001,"""Victor Martinez""",DET,0,DET,10
TOR201607080,castn001,"""Nick Castellanos""",DET,0,DET,5
TOR201607080,uptoj001,"""Justin Upton""",DET,0,DET,7
TOR201607080,mccaj001,"""James McCann""",DET,0,DET,2
TOR201607080,avilm001,"""Mike Aviles""",DET,0,DET,9
TOR201607080,iglej001,"""Jose Iglesias""",DET,0,DET,6
TOR201607080,pelfm001,"""Mike Pelfrey""",DET,0,DET,1
TOR201607080,carre001,"""Ezequiel Carrera""",TOR,1,TOR,9
TOR201607080,donaj001,"""Josh Donaldson""",TOR,1,TOR,5
TOR201607080,encae001,"""Edwin Encarnacion""",TOR,1,TOR,10
TOR201607080,saunm001,"""Michael Saunders""",TOR,1,TOR,7
TOR201607080,martr004,"""Russell Martin""",TOR,1,TOR,2
TOR201607080,tulot001,"""Troy Tulowitzki""",TOR,1,TOR,6
TOR201607080,smoaj001,"""Justin Smoak""",TOR,1,TOR,3
TOR201607080,pillk001,"""Kevin Pillar""",TOR,1,TOR,8
TOR201607080,barnd001,"""Darwin Barney""",TOR,1,TOR,4
TOR201607080,happj001,"""J.A. Happ""",TOR,1,TOR,1
TOR201607090,kinsi001,"""Ian Kinsler""",DET,0,DET,4
TOR201607090,maybc001,"""Cameron Maybin""",DET,0,DET,8
TOR201607090,cabrm001,"""Miguel Cabrera""",DET,0,DET,3
TOR201607090,martv001,"""Victor Martinez""",DET,0,DET,10
TOR201607090,castn001,"""Nick Castellanos""",DET,0,DET,5
TOR201607090,uptoj001,"""Justin Upton""",DET,0,DET,7
TOR201607090,moyas001,"""Steven Moya""",DET,0,DET,9
TOR201607090,saltj001,"""Jarrod Saltalamacchia""",DET,0,DET,2
TOR201607090,romia001,"""Andrew Romine""",DET,0,DET,6
TOR201607090,boydm001,"""Matt Boyd""",DET,0,DET,1
TOR201607090,carre001,"""Ezequiel Carrera""",TOR,1,TOR,7
TOR201607090,donaj001,"""Josh Donaldson""",TOR,1,TOR,10
TOR201607090,encae001,"""Edwin Encarnacion""",TOR,1,TOR,3
TOR201607090,martr004,"""Russell Martin""",TOR,1,TOR,2
TOR201607090,tulot001,"""Troy Tulowitzki""",TOR,1,TOR,6
TOR201607090,pillk001,"""Kevin Pillar""",TOR,1,TOR,8
TOR201607090,lakej001,"""Junior Lake""",TOR,1,TOR,9
TOR201607090,travd001,"""Devon Travis""",TOR,1,TOR,4
TOR201607090,barnd001,"""Darwin Barney""",TOR,1,TOR,5
TOR201607090,sanca006,"""Aaron Sanchez""",TOR,1,TOR,1
TOR201607100,kinsi001,"""Ian Kinsler""",DET,0,DET,4
TOR201607100,maybc001,"""Cameron Maybin""",DET,0,DET,8
TOR201607100,cabrm001,"""Miguel Cabrera""",DET,0,DET,3
TOR201607100,martv001,"""Victor Martinez""",DET,0,DET,10
TOR201607100,castn001,"""Nick Castellanos""",DET,0,DET,5
TOR201607100,uptoj001,"""Justin Upton""",DET,0,DET,7
TOR201607100,avilm001,"""Mike Aviles""",DET,0,DET,9
TOR201607100,mccaj001,"""James McCann""",DET,0,DET,2
TOR201607100,iglej001,"""Jose Iglesias""",DET,0,DET,6
TOR201607100,sanca004,"""Anibal Sanchez""",DET,0,DET,1
TOR201607100,carre001,"""Ezequiel Carrera""",TOR,1,TOR,9
TOR201607100,donaj001,"""Josh Donaldson""",TOR,1,TOR,10
TOR201607100,saunm001,"""Michael Saunders""",TOR,1,TOR,7
TOR201607100,tulot001,"""Troy Tulowitzki""",TOR,1,TOR,6
TOR201607100,pillk001,"""Kevin Pillar""",TOR,1,TOR,8
TOR201607100,travd001,"""Devon Travis""",TOR,1,TOR,4
TOR201607100,smoaj001,"""Justin Smoak""",TOR,1,TOR,3
TOR201607100,barnd001,"""Darwin Barney""",TOR,1,TOR,5
TOR201607100,tholj001,"""Josh Thole""",TOR,1,TOR,2
TOR201607100,dickr001,"""R.A. Dickey""",TOR,1,TOR,1
TOR201607220,aokin001,"""Nori Aoki""",SEA,0,SEA,7
TOR201607220,smits002,"""Seth Smith""",SEA,0,SEA,9
TOR201607220,canor001,"""Robinson Cano""",SEA,0,SEA,4
TOR201607220,cruzn002,"""Nelson Cruz""",SEA,0,SEA,10
TOR201607220,seagk001,"""Kyle Seager""",SEA,0,SEA,5
TOR201607220,linda001,"""Adam Lind""",SEA,0,SEA,3
TOR201607220,martl004,"""Leonys Martin""",SEA,0,SEA,8
TOR201607220,zunim001,"""Mike Zunino""",SEA,0,SEA,2
TOR201607220,omals001,"""Shawn O'Malley""",SEA,0,SEA,6
TOR201607220,paxtj001,"""James Paxton""",SEA,0,SEA,1
TOR201607220,barnd001,"""Darwin Barney""",TOR,1,TOR,7
TOR201607220,donaj001,"""Josh Donaldson""",TOR,1,TOR,5
TOR201607220,encae001,"""Edwin Encarnacion""",TOR,1,TOR,3
TOR201607220,tulot001,"""Troy Tulowitzki""",TOR,1,TOR,6
TOR201607220,saunm001,"""Michael Saunders""",TOR,1,TOR,10
TOR201607220,pillk001,"""Kevin Pillar""",TOR,1,TOR,8
TOR201607220,travd001,"""Devon Travis""",TOR,1,TOR,4
TOR201607220,lakej001,"""Junior Lake""",TOR,1,TOR,9
TOR201607220,tholj001,"""Josh Thole""",TOR,1,TOR,2
TOR201607220,estrm001,"""Marco Estrada""",TOR,1,TOR,1
TOR201607230,aokin001,"""Nori Aoki""",SEA,0,SEA,7
TOR201607230,smits002,"""Seth Smith""",SEA,0,SEA,9
TOR201607230,canor001,"""Robinson Cano""",SEA,0,SEA,4
TOR201607230,cruzn002,"""Nelson Cruz""",SEA,0,SEA,10
TOR201607230,seagk001,"""Kyle Seager""",SEA,0,SEA,5
TOR201607230,linda001,"""Adam Lind""",SEA,0,SEA,3
TOR201607230,martl004,"""Leonys Martin""",SEA,0,SEA,8
TOR201607230,iannc001,"""Chris Iannetta""",SEA,0,SEA,2
TOR201607230,omals001,"""Shawn O'Malley""",SEA,0,SEA,6
TOR201607230,iwakh001,"""Hisashi Iwakuma""",SEA,0,SEA,1
TOR201607230,carre001,"""Ezequiel Carrera""",TOR,1,TOR,9
TOR201607230,donaj001,"""Josh Donaldson""",TOR,1,TOR,5
TOR201607230,encae001,"""Edwin Encarnacion""",TOR,1,TOR,10
TOR201607230,saunm001,"""Michael Saunders""",TOR,1,TOR,7
TOR201607230,tulot001,"""Troy Tulowitzki""",TOR,1,TOR,6
TOR201607230,smoaj001,"""Justin Smoak""",TOR,1,TOR,3
TOR201607230,pillk001,"""Kevin Pillar""",TOR,1,TOR,8
TOR201607230,travd001,"""Devon Travis""",TOR,1,TOR,4
TOR201607230,tholj001,"""Josh Thole""",TOR,1,TOR,2
TOR201607230,dickr001,"""R.A. Dickey""",TOR,1,TOR,1
TOR201607240,aokin001,"""Nori Aoki""",SEA,0,SEA,7
TOR201607240,iannc001,"""Chris Iannetta""",SEA,0,SEA,10
TOR201607240,canor001,"""Robinson Cano""",SEA,0,SEA,4
TOR201607240,cruzn002,"""Nelson Cruz""",SEA,0,SEA,9
TOR201607240,lee-d004,"""Dae-Ho Lee""",SEA,0,SEA,3
TOR201607240,seagk001,"""Kyle Seager""",SEA,0,SEA,5
TOR201607240,zunim001,"""Mike Zunino""",SEA,0,SEA,2
TOR201607240,martl004,"""Leonys Martin""",SEA,0,SEA,8
TOR201607240,sardl001,"""Luis Sardinas""",SEA,0,SEA,6
TOR201607240,milew001,"""Wade Miley""",SEA,0,SEA,1
TOR201607240,barnd001,"""Darwin Barney""",TOR,1,TOR,5
TOR201607240,donaj001,"""Josh Donaldson""",TOR,1,TOR,10
TOR201607240,encae001,"""Edwin Encarnacion""",TOR,1,TOR,3
TOR201607240,saunm001,"""Michael Saunders""",TOR,1,TOR,7
TOR201607240,tulot001,"""Troy Tulowitzki""",TOR,1,TOR,6
TOR201607240,pillk001,"""Kevin Pillar""",TOR,1,TOR,8
TOR201607240,carre001,"""Ezequiel Carrera""",TOR,1,TOR,9
TOR201607240,travd001,"""Devon Travis""",TOR,1,TOR,4
TOR201607240,tholj001,"""Josh Thole""",TOR,1,TOR,2
TOR201607240,happj001,"""J.A. Happ""",TOR,1,TOR,1
TOR201607250,jankt001,"""Travis Jankowski""",SDN,0,SDN,8
TOR201607250,myerw001,"""Wil Myers""",SDN,0,SDN,3
TOR201607250,kempm001,"""Matt Kemp""",SDN,0,SDN,9
TOR201607250,solay001,"""Yangervis Solarte""",SDN,0,SDN,5
TOR201607250,dicka001,"""Alex Dickerson""",SDN,0,SDN,7
TOR201607250,schir001,"""Ryan Schimpf""",SDN,0,SDN,4
TOR201607250,ramia003,"""Alexei Ramirez""",SDN,0,SDN,6
TOR201607250,wallb001,"""Brett Wallace""",SDN,0,SDN,10
TOR201607250,norrd001,"""Derek Norris""",SDN,0,SDN,2
TOR201607250,rea-c001,"""Colin Rea""",SDN,0,SDN,1
TOR201607250,bautj002,"""Jose Bautista""",TOR,1,TOR,9
TOR201607250,donaj001,"""Josh Donaldson""",TOR,1,TOR,5
TOR201607250,encae001,"""Edwin Encarnacion""",TOR,1,TOR,10
TOR201607250,saunm001,"""Michael Saunders""",TOR,1,TOR,7
TOR201607250,tulot001,"""Troy Tulowitzki""",TOR,1,TOR,6
TOR201607250,martr004,"""Russell Martin""",TOR,1,TOR,2
TOR201607250,pillk001,"""Kevin Pillar""",TOR,1,TOR,8
TOR201607250,smoaj001,"""Justin Smoak""",TOR,1,TOR,3
TOR201607250,travd001,"""Devon Travis""",TOR,1,TOR,4
TOR201607250,sanca006,"""Aaron Sanchez""",TOR,1,TOR,1
TOR201607260,jankt001,"""Travis Jankowski""",SDN,0,SDN,8
TOR201607260,myerw001,"""Wil Myers""",SDN,0,SDN,3
TOR201607260,kempm001,"""Matt Kemp""",SDN,0,SDN,9
TOR201607260,solay001,"""Yangervis Solarte""",SDN,0,SDN,5
TOR201607260,dicka001,"""Alex Dickerson""",SDN,0,SDN,7
TOR201607260,schir001,"""Ryan Schimpf""",SDN,0,SDN,4
TOR201607260,ramia003,"""Alexei Ramirez""",SDN,0,SDN,6
TOR201607260,wallb001,"""Brett Wallace""",SDN,0,SDN,10
TOR201607260,norrd001,"""Derek Norris""",SDN,0,SDN,2
TOR201607260,casha001,"""Andrew Cashner""",SDN,0,SDN,1
TOR201607260,bautj002,"""Jose Bautista""",TOR,1,TOR,9
TOR201607260,donaj001,"""Josh Donaldson""",TOR,1,TOR,5
TOR201607260,encae001,"""Edwin Encarnacion""",TOR,1,TOR,10
TOR201607260,saunm001,"""Michael Saunders""",TOR,1,TOR,7
TOR201607260,tulot001,"""Troy Tulowitzki""",TOR,1,TOR,6
TOR201607260,martr004,"""Russell Martin""",TOR,1,TOR,2
TOR201607260,pillk001,"""Kevin Pillar""",TOR,1,TOR,8
TOR201607260,smoaj001,"""Justin Smoak""",TOR,1,TOR,3
TOR201607260,travd001,"""Devon Travis""",TOR,1,TOR,4
TOR201607260,strom001,"""Marcus Stroman""",TOR,1,TOR,1
TOR201607270,jankt001,"""Travis Jankowski""",SDN,0,SDN,8
TOR201607270,myerw001,"""Wil Myers""",SDN,0,SDN,9
TOR201607270,kempm001,"""Matt Kemp""",SDN,0,SDN,10
TOR201607270,dicka001,"""Alex Dickerson""",SDN,0,SDN,7
TOR201607270,schir001,"""Ryan Schimpf""",SDN,0,SDN,4
TOR201607270,bethc001,"""Christian Bethancourt""",SDN,0,SDN,2
TOR201607270,ramia003,"""Alexei Ramirez""",SDN,0,SDN,6
TOR201607270,wallb001,"""Brett Wallace""",SDN,0,SDN,3
TOR201607270,rosaa001,"""Adam Rosales""",SDN,0,SDN,5
TOR201607270,perdl002,"""Luis Perdomo""",SDN,0,SDN,1
TOR201607270,bautj002,"""Jose Bautista""",TOR,1,TOR,10
TOR201607270,donaj001,"""Josh Donaldson""",TOR,1,TOR,5
TOR201607270,encae001,"""Edwin Encarnacion""",TOR,1,TOR,3
TOR201607270,uptob001,"""Melvin Upton""",TOR,1,TOR,7
TOR201607270,pillk001,"""Kevin Pillar""",TOR,1,TOR,8
TOR201607270,travd001,"""Devon Travis""",TOR,1,TOR,4
TOR201607270,carre001,"""Ezequiel Carrera""",TOR,1,TOR,9
TOR201607270,barnd001,"""Darwin Barney""",TOR,1,TOR,6
TOR201607270,tholj001,"""Josh Thole""",TOR,1,TOR,2
TOR201607270,dickr001,"""R.A. Dickey""",TOR,1,TOR,1
TOR201607290,jonea003,"""Adam Jones""",BAL,0,BAL,8
TOR201607290,kim-h001,"""Hyun Soo Kim""",BAL,0,BAL,7
TOR201607290,machm001,"""Manny Machado""",BAL,0,BAL,5
TOR201607290,davic003,"""Chris Davis""",BAL,0,BAL,3
TOR201607290,trumm001,"""Mark Trumbo""",BAL,0,BAL,9
TOR201607290,wietm001,"""Matt Wieters""",BAL,0,BAL,2
TOR201607290,schoj001,"""Jonathan Schoop""",BAL,0,BAL,4
TOR201607290,alvap001,"""Pedro Alvarez""",BAL,0,BAL,10
TOR201607290,hardj003,"""J.J. Hardy""",BAL,0,BAL,6
TOR201607290,gausk001,"""Kevin Gausman""",BAL,0,BAL,1
TOR201607290,bautj002,"""Jose Bautista""",TOR,1,TOR,9
TOR201607290,donaj001,"""Josh Donaldson""",TOR,1,TOR,5
TOR201607290,encae001,"""Edwin Encarnacion""",TOR,1,TOR,10
TOR201607290,saunm001,"""Michael Saunders""",TOR,1,TOR,7
TOR201607290,tulot001,"""Troy Tulowitzki""",TOR,1,TOR,6
TOR201607290,martr004,"""Russell Martin""",TOR,1,TOR,2
TOR201607290,smoaj001,"""Justin Smoak""",TOR,1,TOR,3
TOR201607290,pillk001,"""Kevin Pillar""",TOR,1,TOR,8
TOR201607290,barnd001,"""Darwin Barney""",TOR,1,TOR,4
TOR201607290,estrm001,"""Marco Estrada""",TOR,1,TOR,1
TOR201607300,jonea003,"""Adam Jones""",BAL,0,BAL,8
TOR201607300,schoj001,"""Jonathan Schoop""",BAL,0,BAL,4
TOR201607300,machm001,"""Manny Machado""",BAL,0,BAL,5
TOR201607300,davic003,"""Chris Davis""",BAL,0,BAL,3
TOR201607300,trumm001,"""Mark Trumbo""",BAL,0,BAL,9
TOR201607300,alvap001,"""Pedro Alvarez""",BAL,0,BAL,10
TOR201607300,wietm001,"""Matt Wieters""",BAL,0,BAL,2
TOR201607300,hardj003,"""J.J. Hardy""",BAL,0,BAL,6
TOR201607300,reimn001,"""Nolan Reimold""",BAL,0,BAL,7
TOR201607300,gally001,"""Yovani Gallardo""",BAL,0,BAL,1
TOR201607300,bautj002,"""Jose Bautista""",TOR,1,TOR,10
TOR201607300,donaj001,"""Josh Donaldson""",TOR,1,TOR,5
TOR201607300,encae001,"""Edwin Encarnacion""",TOR,1,TOR,3
TOR201607300,saunm001,"""Michael Saunders""",TOR,1,TOR,7
TOR201607300,tulot001,"""Troy Tulowitzki""",TOR,1,TOR,6
TOR201607300,martr004,"""Russell Martin""",TOR,1,TOR,2
TOR201607300,uptob001,"""Melvin Upton""",TOR,1,TOR,9
TOR201607300,pillk001,"""Kevin Pillar""",TOR,1,TOR,8
TOR201607300,travd001,"""Devon Travis""",TOR,1,TOR,4
TOR201607300,happj001,"""J.A. Happ""",TOR,1,TOR,1
TOR201607310,jonea003,"""Adam Jones""",BAL,0,BAL,8
TOR201607310,kim-h001,"""Hyun Soo Kim""",BAL,0,BAL,7
TOR201607310,machm001,"""Manny Machado""",BAL,0,BAL,5
TOR201607310,davic003,"""Chris Davis""",BAL,0,BAL,3
TOR201607310,trumm001,"""Mark Trumbo""",BAL,0,BAL,9
TOR201607310,alvap001,"""Pedro Alvarez""",BAL,0,BAL,10
TOR201607310,wietm001,"""Matt Wieters""",BAL,0,BAL,2
TOR201607310,schoj001,"""Jonathan Schoop""",BAL,0,BAL,4
TOR201607310,hardj003,"""J.J. Hardy""",BAL,0,BAL,6
TOR201607310,tillc001,"""Chris Tillman""",BAL,0,BAL,1
TOR201607310,bautj002,"""Jose Bautista""",TOR,1,TOR,9
TOR201607310,donaj001,"""Josh Donaldson""",TOR,1,TOR,10
TOR201607310,encae001,"""Edwin Encarnacion""",TOR,1,TOR,3
TOR201607310,saunm001,"""Michael Saunders""",TOR,1,TOR,7
TOR201607310,tulot001,"""Troy Tulowitzki""",TOR,1,TOR,6
TOR201607310,martr004,"""Russell Martin""",TOR,1,TOR,2
TOR201607310,pillk001,"""Kevin Pillar""",TOR,1,TOR,8
TOR201607310,travd001,"""Devon Travis""",TOR,1,TOR,4
TOR201607310,barnd001,"""Darwin Barney""",TOR,1,TOR,5
TOR201607310,sanca006,"""Aaron Sanchez""",TOR,1,TOR,1
TOR201608080,forsl001,"""Logan Forsythe""",TBA,0,TBA,4
TOR201608080,kierk001,"""Kevin Kiermaier""",TBA,0,TBA,8
TOR201608080,longe001,"""Evan Longoria""",TBA,0,TBA,5
TOR201608080,millb002,"""Brad Miller""",TBA,0,TBA,3
TOR201608080,mahtm001,"""Mikie Mahtook""",TBA,0,TBA,9
TOR201608080,frann001,"""Nick Franklin""",TBA,0,TBA,7
TOR201608080,souzs001,"""Steven Souza""",TBA,0,TBA,10
TOR201608080,beckt001,"""Tim Beckham""",TBA,0,TBA,6
TOR201608080,wilsb002,"""Bobby Wilson""",TBA,0,TBA,2
TOR201608080,odorj001,"""Jake Odorizzi""",TBA,0,TBA,1
TOR201608080,travd001,"""Devon Travis""",TOR,1,TOR,4
TOR201608080,bautj002,"""Jose Bautista""",TOR,1,TOR,9
TOR201608080,donaj001,"""Josh Donaldson""",TOR,1,TOR,5
TOR201608080,encae001,"""Edwin Encarnacion""",TOR,1,TOR,3
TOR201608080,saunm001,"""Michael Saunders""",TOR,1,TOR,10
TOR201608080,tulot001,"""Troy Tulowitzki""",TOR,1,TOR,6
TOR201608080,cecid001,"""Darrell Ceciliani""",TOR,1,TOR,7
TOR201608080,uptob001,"""Melvin Upton""",TOR,1,TOR,8
TOR201608080,tholj001,"""Josh Thole""",TOR,1,TOR,2
TOR201608080,dickr001,"""R.A. Dickey""",TOR,1,TOR,1
TOR201608090,forsl001,"""Logan Forsythe""",TBA,0,TBA,4
TOR201608090,kierk001,"""Kevin Kiermaier""",TBA,0,TBA,8
TOR201608090,longe001,"""Evan Longoria""",TBA,0,TBA,5
TOR201608090,millb002,"""Brad Miller""",TBA,0,TBA,3
TOR201608090,mahtm001,"""Mikie Mahtook""",TBA,0,TBA,7
TOR201608090,dickc002,"""Corey Dickerson""",TBA,0,TBA,10
TOR201608090,souzs001,"""Steven Souza""",TBA,0,TBA,9
TOR201608090,beckt001,"""Tim Beckham""",TBA,0,TBA,6
TOR201608090,maill001,"""Luke Maile""",TBA,0,TBA,2
TOR201608090,smyld001,"""Drew Smyly""",TBA,0,TBA,1
TOR201608090,travd001,"""Devon Travis""",TOR,1,TOR,4
TOR201608090,bautj002,"""Jose Bautista""",TOR,1,TOR,9
TOR201608090,donaj001,"""Josh Donaldson""",TOR,1,TOR,5
TOR201608090,encae001,"""Edwin Encarnacion""",TOR,1,TOR,10
TOR201608090,martr004,"""Russell Martin""",TOR,1,TOR,2
TOR201608090,tulot001,"""Troy Tulowitzki""",TOR,1,TOR,6
TOR201608090,saunm001,"""Michael Saunders""",TOR,1,TOR,7
TOR201608090,smoaj001,"""Justin Smoak""",TOR,1,TOR,3
TOR201608090,uptob001,"""Melvin Upton""",TOR,1,TOR,8
TOR201608090,estrm001,"""Marco Estrada""",TOR,1,TOR,1
TOR201608100,forsl001,"""Logan Forsythe""",TBA,0,TBA,4
TOR201608100,kierk001,"""Kevin Kiermaier""",TBA,0,TBA,8
TOR201608100,longe001,"""Evan Longoria""",TBA,0,TBA,5
TOR201608100,millb002,"""Brad Miller""",TBA,0,TBA,3
TOR201608100,mahtm001,"""Mikie Mahtook""",TBA,0,TBA,7
TOR201608100,souzs001,"""Steven Souza""",TBA,0,TBA,9
TOR201608100,beckt001,"""Tim Beckham""",TBA,0,TBA,6
TOR201608100,shafr001,"""Richie Shaffer""",TBA,0,TBA,10
TOR201608100,maill001,"""Luke Maile""",TBA,0,TBA,2
TOR201608100,snelb001,"""Blake Snell""",TBA,0,TBA,1
TOR201608100,travd001,"""Devon Travis""",TOR,1,TOR,4
TOR201608100,donaj001,"""Josh Donaldson""",TOR,1,TOR,5
TOR201608100,encae001,"""Edwin Encarnacion""",TOR,1,TOR,10
TOR201608100,martr004,"""Russell Martin""",TOR,1,TOR,2
TOR201608100,tulot001,"""Troy Tulowitzki""",TOR,1,TOR,6
TOR201608100,uptob001,"""Melvin Upton""",TOR,1,TOR,8
TOR201608100,saunm001,"""Michael Saunders""",TOR,1,TOR,9
TOR201608100,smoaj001,"""Justin Smoak""",TOR,1,TOR,3
TOR201608100,barnd001,"""Darwin Barney""",TOR,1,TOR,7
TOR201608100,happj001,"""J.A. Happ""",TOR,1,TOR,1
TOR201608120,sprig001,"""George Springer""",HOU,0,HOU,9
TOR201608120,brega001,"""Alex Bregman""",HOU,0,HOU,5
TOR201608120,altuj001,"""Jose Altuve""",HOU,0,HOU,4
TOR201608120,corrc001,"""Carlos Correa""",HOU,0,HOU,6
TOR201608120,gonzm002,"""Marwin Gonzalez""",HOU,0,HOU,7
TOR201608120,gatte001,"""Evan Gattis""",HOU,0,HOU,10
TOR201608120,whitt002,"""Tyler White""",HOU,0,HOU,3
TOR201608120,hernt002,"""Teoscar Hernandez""",HOU,0,HOU,8
TOR201608120,castj006,"""Jason Castro""",HOU,0,HOU,2
TOR201608120,musgj001,"""Joe Musgrove""",HOU,0,HOU,1
TOR201608120,travd001,"""Devon Travis""",TOR,1,TOR,4
TOR201608120,donaj001,"""Josh Donaldson""",TOR,1,TOR,5
TOR201608120,encae001,"""Edwin Encarnacion""",TOR,1,TOR,10
TOR201608120,saunm001,"""Michael Saunders""",TOR,1,TOR,9
TOR201608120,tulot001,"""Troy Tulowitzki""",TOR,1,TOR,6
TOR201608120,martr004,"""Russell Martin""",TOR,1,TOR,2
TOR201608120,smoaj001,"""Justin Smoak""",TOR,1,TOR,3
TOR201608120,uptob001,"""Melvin Upton""",TOR,1,TOR,8
TOR201608120,cecid001,"""Darrell Ceciliani""",TOR,1,TOR,7
TOR201608120,lirif001,"""Francisco Liriano""",TOR,1,TOR,1
TOR201608130,sprig001,"""George Springer""",HOU,0,HOU,9
TOR201608130,brega001,"""Alex Bregman""",HOU,0,HOU,5
TOR201608130,altuj001,"""Jose Altuve""",HOU,0,HOU,10
TOR201608130,corrc001,"""Carlos Correa""",HOU,0,HOU,6
TOR201608130,gonzm002,"""Marwin Gonzalez""",HOU,0,HOU,4
TOR201608130,gatte001,"""Evan Gattis""",HOU,0,HOU,2
TOR201608130,reeda002,"""A.J. Reed""",HOU,0,HOU,3
TOR201608130,hernt002,"""Teoscar Hernandez""",HOU,0,HOU,8
TOR201608130,kempt001,"""Tony Kemp""",HOU,0,HOU,7
TOR201608130,mchuc001,"""Collin McHugh""",HOU,0,HOU,1
TOR201608130,travd001,"""Devon Travis""",TOR,1,TOR,4
TOR201608130,donaj001,"""Josh Donaldson""",TOR,1,TOR,5
TOR201608130,encae001,"""Edwin Encarnacion""",TOR,1,TOR,10
TOR201608130,saunm001,"""Michael Saunders""",TOR,1,TOR,9
TOR201608130,tulot001,"""Troy Tulowitzki""",TOR,1,TOR,6
TOR201608130,martr004,"""Russell Martin""",TOR,1,TOR,2
TOR201608130,smoaj001,"""Justin Smoak""",TOR,1,TOR,3
TOR201608130,uptob001,"""Melvin Upton""",TOR,1,TOR,8
TOR201608130,cecid001,"""Darrell Ceciliani""",TOR,1,TOR,7
TOR201608130,sanca006,"""Aaron Sanchez""",TOR,1,TOR,1
TOR201608140,sprig001,"""George Springer""",HOU,0,HOU,9
TOR201608140,brega001,"""Alex Bregman""",HOU,0,HOU,5
TOR201608140,altuj001,"""Jose Altuve""",HOU,0,HOU,4
TOR201608140,corrc001,"""Carlos Correa""",HOU,0,HOU,6
TOR201608140,gonzm002,"""Marwin Gonzalez""",HOU,0,HOU,3
TOR201608140,reeda002,"""A.J. Reed""",HOU,0,HOU,10
TOR201608140,castj006,"""Jason Castro""",HOU,0,HOU,2
TOR201608140,hernt002,"""Teoscar Hernandez""",HOU,0,HOU,8
TOR201608140,kempt001,"""Tony Kemp""",HOU,0,HOU,7
TOR201608140,fierm001,"""Michael Fiers""",HOU,0,HOU,1
TOR201608140,travd001,"""Devon Travis""",TOR,1,TOR,4
TOR201608140,donaj001,"""Josh Donaldson""",TOR,1,TOR,5
TOR201608140,encae001,"""Edwin Encarnacion""",TOR,1,TOR,10
TOR201608140,saunm001,"""Michael Saunders""",TOR,1,TOR,9
TOR201608140,tulot001,"""Troy Tulowitzki""",TOR,1,TOR,6
TOR201608140,martr004,"""Russell Martin""",TOR,1,TOR,2
TOR201608140,smoaj001,"""Justin Smoak""",TOR,1,TOR,3
TOR201608140,uptob001,"""Melvin Upton""",TOR,1,TOR,8
TOR201608140,cecid001,"""Darrell Ceciliani""",TOR,1,TOR,7
TOR201608140,strom001,"""Marcus Stroman""",TOR,1,TOR,1
TOR201608230,calhk001,"""Kole Calhoun""",ANA,0,ANA,9
TOR201608230,troum001,"""Mike Trout""",ANA,0,ANA,8
TOR201608230,pujoa001,"""Albert Pujols""",ANA,0,ANA,10
TOR201608230,cronc002,"""C.J. Cron""",ANA,0,ANA,3
TOR201608230,simma001,"""Andrelton Simmons""",ANA,0,ANA,6
TOR201608230,bussn001,"""Nick Buss""",ANA,0,ANA,7
TOR201608230,cowak001,"""Kaleb Cowart""",ANA,0,ANA,5
TOR201608230,perec003,"""Carlos Perez""",ANA,0,ANA,2
TOR201608230,pennc001,"""Cliff Pennington""",ANA,0,ANA,4
TOR201608230,skagt001,"""Tyler Skaggs""",ANA,0,ANA,1
TOR201608230,barnd001,"""Darwin Barney""",TOR,1,TOR,4
TOR201608230,donaj001,"""Josh Donaldson""",TOR,1,TOR,5
TOR201608230,encae001,"""Edwin Encarnacion""",TOR,1,TOR,3
TOR201608230,martr004,"""Russell Martin""",TOR,1,TOR,10
TOR201608230,tulot001,"""Troy Tulowitzki""",TOR,1,TOR,6
TOR201608230,uptob001,"""Melvin Upton""",TOR,1,TOR,7
TOR201608230,pillk001,"""Kevin Pillar""",TOR,1,TOR,8
TOR201608230,saunm001,"""Michael Saunders""",TOR,1,TOR,9
TOR201608230,tholj001,"""Josh Thole""",TOR,1,TOR,2
TOR201608230,dickr001,"""R.A. Dickey""",TOR,1,TOR,1
TOR201608240,calhk001,"""Kole Calhoun""",ANA,0,ANA,9
TOR201608240,troum001,"""Mike Trout""",ANA,0,ANA,8
TOR201608240,pujoa001,"""Albert Pujols""",ANA,0,ANA,10
TOR201608240,cronc002,"""C.J. Cron""",ANA,0,ANA,3
TOR201608240,simma001,"""Andrelton Simmons""",ANA,0,ANA,6
TOR201608240,bussn001,"""Nick Buss""",ANA,0,ANA,7
TOR201608240,bandj001,"""Jett Bandy""",ANA,0,ANA,2
TOR201608240,cowak001,"""Kaleb Cowart""",ANA,0,ANA,5
TOR201608240,pennc001,"""Cliff Pennington""",ANA,0,ANA,4
TOR201608240,shoem001,"""Matt Shoemaker""",ANA,0,ANA,1
TOR201608240,barnd001,"""Darwin Barney""",TOR,1,TOR,4
TOR201608240,donaj001,"""Josh Donaldson""",TOR,1,TOR,5
TOR201608240,encae001,"""Edwin Encarnacion""",TOR,1,TOR,3
TOR201608240,martr004,"""Russell Martin""",TOR,1,TOR,2
TOR201608240,tulot001,"""Troy Tulowitzki""",TOR,1,TOR,6
TOR201608240,saunm001,"""Michael Saunders""",TOR,1,TOR,10
TOR201608240,pillk001,"""Kevin Pillar""",TOR,1,TOR,8
TOR201608240,uptob001,"""Melvin Upton""",TOR,1,TOR,7
TOR201608240,carre001,"""Ezequiel Carrera""",TOR,1,TOR,9
TOR201608240,estrm001,"""Marco Estrada""",TOR,1,TOR,1
TOR201608250,calhk001,"""Kole Calhoun""",ANA,0,ANA,9
TOR201608250,troum001,"""Mike Trout""",ANA,0,ANA,8
TOR201608250,pujoa001,"""Albert Pujols""",ANA,0,ANA,10
TOR201608250,cronc002,"""C.J. Cron""",ANA,0,ANA,3
TOR201608250,simma001,"""Andrelton Simmons""",ANA,0,ANA,6
TOR201608250,bandj001,"""Jett Bandy""",ANA,0,ANA,2
TOR201608250,bussn001,"""Nick Buss""",ANA,0,ANA,7
TOR201608250,cowak001,"""Kaleb Cowart""",ANA,0,ANA,5
TOR201608250,petig001,"""Gregorio Petit""",ANA,0,ANA,4
TOR201608250,weavj003,"""Jered Weaver""",ANA,0,ANA,1
TOR201608250,bautj002,"""Jose Bautista""",TOR,1,TOR,10
TOR201608250,donaj001,"""Josh Donaldson""",TOR,1,TOR,5
TOR201608250,encae001,"""Edwin Encarnacion""",TOR,1,TOR,3
TOR201608250,martr004,"""Russell Martin""",TOR,1,TOR,2
TOR201608250,tulot001,"""Troy Tulowitzki""",TOR,1,TOR,6
TOR201608250,pillk001,"""Kevin Pillar""",TOR,1,TOR,8
TOR201608250,uptob001,"""Melvin Upton""",TOR,1,TOR,7
TOR201608250,carre001,"""Ezequiel Carrera""",TOR,1,TOR,9
TOR201608250,barnd001,"""Darwin Barney""",TOR,1,TOR,4
TOR201608250,happj001,"""J.A. Happ""",TOR,1,TOR,1
TOR201608260,dozib001,"""Brian Dozier""",MIN,0,MIN,4
TOR201608260,grosr001,"""Robbie Grossman""",MIN,0,MIN,7
TOR201608260,plout001,"""Trevor Plouffe""",MIN,0,MIN,3
TOR201608260,sanom001,"""Miguel Sano""",MIN,0,MIN,10
TOR201608260,keplm001,"""Max Kepler""",MIN,0,MIN,9
TOR201608260,polaj001,"""Jorge Polanco""",MIN,0,MIN,6
TOR201608260,escoe001,"""Eduardo Escobar""",MIN,0,MIN,5
TOR201608260,suzuk001,"""Kurt Suzuki""",MIN,0,MIN,2
TOR201608260,rosae001,"""Eddie Rosario""",MIN,0,MIN,8
TOR201608260,deanp001,"""Pat Dean""",MIN,0,MIN,1
TOR201608260,bautj002,"""Jose Bautista""",TOR,1,TOR,9
TOR201608260,donaj001,"""Josh Donaldson""",TOR,1,TOR,5
TOR201608260,encae001,"""Edwin Encarnacion""",TOR,1,TOR,10
TOR201608260,martr004,"""Russell Martin""",TOR,1,TOR,2
TOR201608260,tulot001,"""Troy Tulowitzki""",TOR,1,TOR,6
TOR201608260,uptob001,"""Melvin Upton""",TOR,1,TOR,8
TOR201608260,barnd001,"""Darwin Barney""",TOR,1,TOR,4
TOR201608260,smoaj001,"""Justin Smoak""",TOR,1,TOR,3
TOR201608260,carre001,"""Ezequiel Carrera""",TOR,1,TOR,7
TOR201608260,lirif001,"""Francisco Liriano""",TOR,1,TOR,1
TOR201608270,dozib001,"""Brian Dozier""",MIN,0,MIN,4
TOR201608270,mauej001,"""Joe Mauer""",MIN,0,MIN,3
TOR201608270,keplm001,"""Max Kepler""",MIN,0,MIN,9
TOR201608270,plout001,"""Trevor Plouffe""",MIN,0,MIN,5
TOR201608270,rosae001,"""Eddie Rosario""",MIN,0,MIN,8
TOR201608270,sanom001,"""Miguel Sano""",MIN,0,MIN,10
TOR201608270,escoe001,"""Eduardo Escobar""",MIN,0,MIN,6
TOR201608270,centj001,"""Juan Centeno""",MIN,0,MIN,2
TOR201608270,santd001,"""Danny Santana""",MIN,0,MIN,7
TOR201608270,sante001,"""Ervin Santana""",MIN,0,MIN,1
TOR201608270,bautj002,"""Jose Bautista""",TOR,1,TOR,10
TOR201608270,donaj001,"""Josh Donaldson""",TOR,1,TOR,5
TOR201608270,encae001,"""Edwin Encarnacion""",TOR,1,TOR,3
TOR201608270,tulot001,"""Troy Tulowitzki""",TOR,1,TOR,6
TOR201608270,saunm001,"""Michael Saunders""",TOR,1,TOR,9
TOR201608270,pillk001,"""Kevin Pillar""",TOR,1,TOR,8
TOR201608270,uptob001,"""Melvin Upton""",TOR,1,TOR,7
TOR201608270,travd001,"""Devon Travis""",TOR,1,TOR,4
TOR201608270,tholj001,"""Josh Thole""",TOR,1,TOR,2
TOR201608270,strom001,"""Marcus Stroman""",TOR,1,TOR,1
TOR201608280,dozib001,"""Brian Dozier""",MIN,0,MIN,4
TOR201608280,mauej001,"""Joe Mauer""",MIN,0,MIN,3
TOR201608280,keplm001,"""Max Kepler""",MIN,0,MIN,9
TOR201608280,plout001,"""Trevor Plouffe""",MIN,0,MIN,5
TOR201608280,sanom001,"""Miguel Sano""",MIN,0,MIN,10
TOR201608280,polaj001,"""Jorge Polanco""",MIN,0,MIN,6
TOR201608280,grosr001,"""Robbie Grossman""",MIN,0,MIN,7
TOR201608280,suzuk001,"""Kurt Suzuki""",MIN,0,MIN,2
TOR201608280,santd001,"""Danny Santana""",MIN,0,MIN,8
TOR201608280,gibsk002,"""Kyle Gibson""",MIN,0,MIN,1
TOR201608280,bautj002,"""Jose Bautista""",TOR,1,TOR,9
TOR201608280,donaj001,"""Josh Donaldson""",TOR,1,TOR,5
TOR201608280,encae001,"""Edwin Encarnacion""",TOR,1,TOR,3
TOR201608280,martr004,"""Russell Martin""",TOR,1,TOR,10
TOR201608280,tulot001,"""Troy Tulowitzki""",TOR,1,TOR,6
TOR201608280,pillk001,"""Kevin Pillar""",TOR,1,TOR,8
TOR201608280,uptob001,"""Melvin Upton""",TOR,1,TOR,7
TOR201608280,travd001,"""Devon Travis""",TOR,1,TOR,4
TOR201608280,tholj001,"""Josh Thole""",TOR,1,TOR,2
TOR201608280,dickr001,"""R.A. Dickey""",TOR,1,TOR,1
TOR201609090,pedrd001,"""Dustin Pedroia""",BOS,0,BOS,4
TOR201609090,bogax001,"""Xander Bogaerts""",BOS,0,BOS,6
TOR201609090,ortid001,"""David Ortiz""",BOS,0,BOS,10
TOR201609090,bettm001,"""Mookie Betts""",BOS,0,BOS,9
TOR201609090,ramih003,"""Hanley Ramirez""",BOS,0,BOS,3
TOR201609090,shawt001,"""Travis Shaw""",BOS,0,BOS,5
TOR201609090,leons001,"""Sandy Leon""",BOS,0,BOS,2
TOR201609090,bradj001,"""Jackie Bradley""",BOS,0,BOS,8
TOR201609090,holtb002,"""Brock Holt""",BOS,0,BOS,7
TOR201609090,porcr001,"""Rick Porcello""",BOS,0,BOS,1
TOR201609090,travd001,"""Devon Travis""",TOR,1,TOR,4
TOR201609090,donaj001,"""Josh Donaldson""",TOR,1,TOR,5
TOR201609090,encae001,"""Edwin Encarnacion""",TOR,1,TOR,3
TOR201609090,bautj002,"""Jose Bautista""",TOR,1,TOR,10
TOR201609090,tulot001,"""Troy Tulowitzki""",TOR,1,TOR,6
TOR201609090,navad001,"""Dioner Navarro""",TOR,1,TOR,2
TOR201609090,saunm001,"""Michael Saunders""",TOR,1,TOR,9
TOR201609090,uptob001,"""Melvin Upton""",TOR,1,TOR,7
TOR201609090,pillk001,"""Kevin Pillar""",TOR,1,TOR,8
TOR201609090,estrm001,"""Marco Estrada""",TOR,1,TOR,1
TOR201609100,pedrd001,"""Dustin Pedroia""",BOS,0,BOS,4
TOR201609100,bogax001,"""Xander Bogaerts""",BOS,0,BOS,6
TOR201609100,ortid001,"""David Ortiz""",BOS,0,BOS,10
TOR201609100,bettm001,"""Mookie Betts""",BOS,0,BOS,9
TOR201609100,ramih003,"""Hanley Ramirez""",BOS,0,BOS,3
TOR201609100,hilla001,"""Aaron Hill""",BOS,0,BOS,5
TOR201609100,younc004,"""Chris Young""",BOS,0,BOS,7
TOR201609100,bradj001,"""Jackie Bradley""",BOS,0,BOS,8
TOR201609100,hanir001,"""Ryan Hanigan""",BOS,0,BOS,2
TOR201609100,rodre004,"""Eduardo Rodriguez""",BOS,0,BOS,1
TOR201609100,travd001,"""Devon Travis""",TOR,1,TOR,4
TOR201609100,donaj001,"""Josh Donaldson""",TOR,1,TOR,5
TOR201609100,encae001,"""Edwin Encarnacion""",TOR,1,TOR,10
TOR201609100,bautj002,"""Jose Bautista""",TOR,1,TOR,9
TOR201609100,martr004,"""Russell Martin""",TOR,1,TOR,2
TOR201609100,tulot001,"""Troy Tulowitzki""",TOR,1,TOR,6
TOR201609100,uptob001,"""Melvin Upton""",TOR,1,TOR,7
TOR201609100,smoaj001,"""Justin Smoak""",TOR,1,TOR,3
TOR201609100,pillk001,"""Kevin Pillar""",TOR,1,TOR,8
TOR201609100,happj001,"""J.A. Happ""",TOR,1,TOR,1
TOR201609110,pedrd001,"""Dustin Pedroia""",BOS,0,BOS,4
TOR201609110,bogax001,"""Xander Bogaerts""",BOS,0,BOS,6
TOR201609110,ortid001,"""David Ortiz""",BOS,0,BOS,10
TOR201609110,bettm001,"""Mookie Betts""",BOS,0,BOS,9
TOR201609110,ramih003,"""Hanley Ramirez""",BOS,0,BOS,3
TOR201609110,shawt001,"""Travis Shaw""",BOS,0,BOS,5
TOR201609110,holtb002,"""Brock Holt""",BOS,0,BOS,7
TOR201609110,leons001,"""Sandy Leon""",BOS,0,BOS,2
TOR201609110,bradj001,"""Jackie Bradley""",BOS,0,BOS,8
TOR201609110,buchc001,"""Clay Buchholz""",BOS,0,BOS,1
TOR201609110,travd001,"""Devon Travis""",TOR,1,TOR,10
TOR201609110,donaj001,"""Josh Donaldson""",TOR,1,TOR,5
TOR201609110,encae001,"""Edwin Encarnacion""",TOR,1,TOR,3
TOR201609110,bautj002,"""Jose Bautista""",TOR,1,TOR,9
TOR201609110,martr004,"""Russell Martin""",TOR,1,TOR,2
TOR201609110,tulot001,"""Troy Tulowitzki""",TOR,1,TOR,6
TOR201609110,saunm001,"""Michael Saunders""",TOR,1,TOR,7
TOR201609110,pillk001,"""Kevin Pillar""",TOR,1,TOR,8
TOR201609110,goinr001,"""Ryan Goins""",TOR,1,TOR,4
TOR201609110,sanca006,"""Aaron Sanchez""",TOR,1,TOR,1
TOR201609120,forsl001,"""Logan Forsythe""",TBA,0,TBA,4
TOR201609120,kierk001,"""Kevin Kiermaier""",TBA,0,TBA,8
TOR201609120,longe001,"""Evan Longoria""",TBA,0,TBA,5
TOR201609120,millb002,"""Brad Miller""",TBA,0,TBA,3
TOR201609120,frann001,"""Nick Franklin""",TBA,0,TBA,6
TOR201609120,mahtm001,"""Mikie Mahtook""",TBA,0,TBA,7
TOR201609120,souzs001,"""Steven Souza""",TBA,0,TBA,9
TOR201609120,shafr001,"""Richie Shaffer""",TBA,0,TBA,10
TOR201609120,maill001,"""Luke Maile""",TBA,0,TBA,2
TOR201609120,odorj001,"""Jake Odorizzi""",TBA,0,TBA,1
TOR201609120,travd001,"""Devon Travis""",TOR,1,TOR,4
TOR201609120,saunm001,"""Michael Saunders""",TOR,1,TOR,9
TOR201609120,encae001,"""Edwin Encarnacion""",TOR,1,TOR,3
TOR201609120,bautj002,"""Jose Bautista""",TOR,1,TOR,10
TOR201609120,martr004,"""Russell Martin""",TOR,1,TOR,2
TOR201609120,tulot001,"""Troy Tulowitzki""",TOR,1,TOR,6
TOR201609120,pillk001,"""Kevin Pillar""",TOR,1,TOR,8
TOR201609120,uptob001,"""Melvin Upton""",TOR,1,TOR,7
TOR201609120,barnd001,"""Darwin Barney""",TOR,1,TOR,5
TOR201609120,lirif001,"""Francisco Liriano""",TOR,1,TOR,1
TOR201609130,forsl001,"""Logan Forsythe""",TBA,0,TBA,4
TOR201609130,kierk001,"""Kevin Kiermaier""",TBA,0,TBA,8
TOR201609130,longe001,"""Evan Longoria""",TBA,0,TBA,5
TOR201609130,millb002,"""Brad Miller""",TBA,0,TBA,3
TOR201609130,frann001,"""Nick Franklin""",TBA,0,TBA,7
TOR201609130,dickc002,"""Corey Dickerson""",TBA,0,TBA,10
TOR201609130,souzs001,"""Steven Souza""",TBA,0,TBA,9
TOR201609130,ramia003,"""Alexei Ramirez""",TBA,0,TBA,6
TOR201609130,wilsb002,"""Bobby Wilson""",TBA,0,TBA,2
TOR201609130,smyld001,"""Drew Smyly""",TBA,0,TBA,1
TOR201609130,travd001,"""Devon Travis""",TOR,1,TOR,4
TOR201609130,bautj002,"""Jose Bautista""",TOR,1,TOR,10
TOR201609130,encae001,"""Edwin Encarnacion""",TOR,1,TOR,3
TOR201609130,martr004,"""Russell Martin""",TOR,1,TOR,2
TOR201609130,tulot001,"""Troy Tulowitzki""",TOR,1,TOR,6
TOR201609130,uptob001,"""Melvin Upton""",TOR,1,TOR,7
TOR201609130,pillk001,"""Kevin Pillar""",TOR,1,TOR,8
TOR201609130,carre001,"""Ezequiel Carrera""",TOR,1,TOR,9
TOR201609130,barnd001,"""Darwin Barney""",TOR,1,TOR,5
TOR201609130,strom001,"""Marcus Stroman""",TOR,1,TOR,1
TOR201609140,forsl001,"""Logan Forsythe""",TBA,0,TBA,10
TOR201609140,kierk001,"""Kevin Kiermaier""",TBA,0,TBA,8
TOR201609140,longe001,"""Evan Longoria""",TBA,0,TBA,5
TOR201609140,millb002,"""Brad Miller""",TBA,0,TBA,3
TOR201609140,frann001,"""Nick Franklin""",TBA,0,TBA,4
TOR201609140,dickc002,"""Corey Dickerson""",TBA,0,TBA,7
TOR201609140,souzs001,"""Steven Souza""",TBA,0,TBA,9
TOR201609140,ramia003,"""Alexei Ramirez""",TBA,0,TBA,6
TOR201609140,wilsb002,"""Bobby Wilson""",TBA,0,TBA,2
TOR201609140,cobba001,"""Alex Cobb""",TBA,0,TBA,1
TOR201609140,travd001,"""Devon Travis""",TOR,1,TOR,4
TOR201609140,saunm001,"""Michael Saunders""",TOR,1,TOR,7
TOR201609140,encae001,"""Edwin Encarnacion""",TOR,1,TOR,3
TOR201609140,bautj002,"""Jose Bautista""",TOR,1,TOR,10
TOR201609140,tulot001,"""Troy Tulowitzki""",TOR,1,TOR,6
TOR201609140,navad001,"""Dioner Navarro""",TOR,1,TOR,2
TOR201609140,carre001,"""Ezequiel Carrera""",TOR,1,TOR,9
TOR201609140,pillk001,"""Kevin Pillar""",TOR,1,TOR,8
TOR201609140,goinr001,"""Ryan Goins""",TOR,1,TOR,5
TOR201609140,estrm001,"""Marco Estrada""",TOR,1,TOR,1
TOR201609230,gardb001,"""Brett Gardner""",NYA,0,NYA,7
TOR201609230,ellsj001,"""Jacoby Ellsbury""",NYA,0,NYA,8
TOR201609230,sancg002,"""Gary Sanchez""",NYA,0,NYA,10
TOR201609230,butlb003,"""Billy Butler""",NYA,0,NYA,3
TOR201609230,gregd001,"""Didi Gregorius""",NYA,0,NYA,6
TOR201609230,headc001,"""Chase Headley""",NYA,0,NYA,5
TOR201609230,hicka001,"""Aaron Hicks""",NYA,0,NYA,9
TOR201609230,romia002,"""Austin Romine""",NYA,0,NYA,2
TOR201609230,torrr001,"""Ronald Torreyes""",NYA,0,NYA,4
TOR201609230,mitcb001,"""Bryan Mitchell""",NYA,0,NYA,1
TOR201609230,travd001,"""Devon Travis""",TOR,1,TOR,4
TOR201609230,donaj001,"""Josh Donaldson""",TOR,1,TOR,5
TOR201609230,encae001,"""Edwin Encarnacion""",TOR,1,TOR,3
TOR201609230,bautj002,"""Jose Bautista""",TOR,1,TOR,10
TOR201609230,martr004,"""Russell Martin""",TOR,1,TOR,2
TOR201609230,tulot001,"""Troy Tulowitzki""",TOR,1,TOR,6
TOR201609230,saunm001,"""Michael Saunders""",TOR,1,TOR,9
TOR201609230,pillk001,"""Kevin Pillar""",TOR,1,TOR,8
TOR201609230,carre001,"""Ezequiel Carrera""",TOR,1,TOR,7
TOR201609230,lirif001,"""Francisco Liriano""",TOR,1,TOR,1
TOR201609240,gardb001,"""Brett Gardner""",NYA,0,NYA,7
TOR201609240,ellsj001,"""Jacoby Ellsbury""",NYA,0,NYA,8
TOR201609240,sancg002,"""Gary Sanchez""",NYA,0,NYA,10
TOR201609240,gregd001,"""Didi Gregorius""",NYA,0,NYA,6
TOR201609240,hicka001,"""Aaron Hicks""",NYA,0,NYA,9
TOR201609240,mccab002,"""Brian McCann""",NYA,0,NYA,2
TOR201609240,torrr001,"""Ronald Torreyes""",NYA,0,NYA,5
TOR201609240,austt001,"""Tyler Austin""",NYA,0,NYA,3
TOR201609240,solad001,"""Donovan Solano""",NYA,0,NYA,4
TOR201609240,sabac001,"""CC Sabathia""",NYA,0,NYA,1
TOR201609240,travd001,"""Devon Travis""",TOR,1,TOR,4
TOR201609240,donaj001,"""Josh Donaldson""",TOR,1,TOR,5
TOR201609240,encae001,"""Edwin Encarnacion""",TOR,1,TOR,3
TOR201609240,bautj002,"""Jose Bautista""",TOR,1,TOR,9
TOR201609240,martr004,"""Russell Martin""",TOR,1,TOR,10
TOR201609240,tulot001,"""Troy Tulowitzki""",TOR,1,TOR,6
TOR201609240,uptob001,"""Melvin Upton""",TOR,1,TOR,7
TOR201609240,navad001,"""Dioner Navarro""",TOR,1,TOR,2
TOR201609240,pillk001,"""Kevin Pillar""",TOR,1,TOR,8
TOR201609240,strom001,"""Marcus Stroman""",TOR,1,TOR,1
TOR201609250,gardb001,"""Brett Gardner""",NYA,0,NYA,7
TOR201609250,ellsj001,"""Jacoby Ellsbury""",NYA,0,NYA,8
TOR201609250,sancg002,"""Gary Sanchez""",NYA,0,NYA,2
TOR201609250,gregd001,"""Didi Gregorius""",NYA,0,NYA,6
TOR201609250,teixm001,"""Mark Teixeira""",NYA,0,NYA,3
TOR201609250,mccab002,"""Brian McCann""",NYA,0,NYA,10
TOR201609250,headc001,"""Chase Headley""",NYA,0,NYA,5
TOR201609250,willm007,"""Mason Williams""",NYA,0,NYA,9
TOR201609250,torrr001,"""Ronald Torreyes""",NYA,0,NYA,4
TOR201609250,pinem001,"""Michael Pineda""",NYA,0,NYA,1
TOR201609250,travd001,"""Devon Travis""",TOR,1,TOR,4
TOR201609250,donaj001,"""Josh Donaldson""",TOR,1,TOR,5
TOR201609250,encae001,"""Edwin Encarnacion""",TOR,1,TOR,3
TOR201609250,bautj002,"""Jose Bautista""",TOR,1,TOR,10
TOR201609250,martr004,"""Russell Martin""",TOR,1,TOR,2
TOR201609250,tulot001,"""Troy Tulowitzki""",TOR,1,TOR,6
TOR201609250,saunm001,"""Michael Saunders""",TOR,1,TOR,9
TOR201609250,pillk001,"""Kevin Pillar""",TOR,1,TOR,8
TOR201609250,carre001,"""Ezequiel Carrera""",TOR,1,TOR,7
TOR201609250,estrm001,"""Marco Estrada""",TOR,1,TOR,1
TOR201609260,gardb001,"""Brett Gardner""",NYA,0,NYA,7
TOR201609260,ellsj001,"""Jacoby Ellsbury""",NYA,0,NYA,8
TOR201609260,sancg002,"""Gary Sanchez""",NYA,0,NYA,2
TOR201609260,butlb003,"""Billy Butler""",NYA,0,NYA,10
TOR201609260,headc001,"""Chase Headley""",NYA,0,NYA,5
TOR201609260,teixm001,"""Mark Teixeira""",NYA,0,NYA,3
TOR201609260,gregd001,"""Didi Gregorius""",NYA,0,NYA,6
TOR201609260,hicka001,"""Aaron Hicks""",NYA,0,NYA,9
TOR201609260,torrr001,"""Ronald Torreyes""",NYA,0,NYA,4
TOR201609260,sevel001,"""Luis Severino""",NYA,0,NYA,1
TOR201609260,travd001,"""Devon Travis""",TOR,1,TOR,4
TOR201609260,donaj001,"""Josh Donaldson""",TOR,1,TOR,5
TOR201609260,encae001,"""Edwin Encarnacion""",TOR,1,TOR,10
TOR201609260,bautj002,"""Jose Bautista""",TOR,1,TOR,9
TOR201609260,martr004,"""Russell Martin""",TOR,1,TOR,2
TOR201609260,tulot001,"""Troy Tulowitzki""",TOR,1,TOR,6
TOR201609260,saunm001,"""Michael Saunders""",TOR,1,TOR,7
TOR201609260,smoaj001,"""Justin Smoak""",TOR,1,TOR,3
TOR201609260,pillk001,"""Kevin Pillar""",TOR,1,TOR,8
TOR201609260,happj001,"""J.A. Happ""",TOR,1,TOR,1
TOR201609270,jonea003,"""Adam Jones""",BAL,0,BAL,8
TOR201609270,davic003,"""Chris Davis""",BAL,0,BAL,3
TOR201609270,machm001,"""Manny Machado""",BAL,0,BAL,5
TOR201609270,trumm001,"""Mark Trumbo""",BAL,0,BAL,9
TOR201609270,alvap001,"""Pedro Alvarez""",BAL,0,BAL,10
TOR201609270,schoj001,"""Jonathan Schoop""",BAL,0,BAL,4
TOR201609270,wietm001,"""Matt Wieters""",BAL,0,BAL,2
TOR201609270,bourm001,"""Michael Bourn""",BAL,0,BAL,7
TOR201609270,hardj003,"""J.J. Hardy""",BAL,0,BAL,6
TOR201609270,gausk001,"""Kevin Gausman""",BAL,0,BAL,1
TOR201609270,carre001,"""Ezequiel Carrera""",TOR,1,TOR,7
TOR201609270,donaj001,"""Josh Donaldson""",TOR,1,TOR,5
TOR201609270,encae001,"""Edwin Encarnacion""",TOR,1,TOR,3
TOR201609270,bautj002,"""Jose Bautista""",TOR,1,TOR,10
TOR201609270,martr004,"""Russell Martin""",TOR,1,TOR,2
TOR201609270,tulot001,"""Troy Tulowitzki""",TOR,1,TOR,6
TOR201609270,saunm001,"""Michael Saunders""",TOR,1,TOR,9
TOR201609270,pillk001,"""Kevin Pillar""",TOR,1,TOR,8
TOR201609270,barnd001,"""Darwin Barney""",TOR,1,TOR,4
TOR201609270,sanca006,"""Aaron Sanchez""",TOR,1,TOR,1
TOR201609280,jonea003,"""Adam Jones""",BAL,0,BAL,8
TOR201609280,davic003,"""Chris Davis""",BAL,0,BAL,3
TOR201609280,machm001,"""Manny Machado""",BAL,0,BAL,5
TOR201609280,trumm001,"""Mark Trumbo""",BAL,0,BAL,9
TOR201609280,manct001,"""Trey Mancini""",BAL,0,BAL,10
TOR201609280,wietm001,"""Matt Wieters""",BAL,0,BAL,2
TOR201609280,hardj003,"""J.J. Hardy""",BAL,0,BAL,6
TOR201609280,schoj001,"""Jonathan Schoop""",BAL,0,BAL,4
TOR201609280,reimn001,"""Nolan Reimold""",BAL,0,BAL,7
TOR201609280,tillc001,"""Chris Tillman""",BAL,0,BAL,1
TOR201609280,carre001,"""Ezequiel Carrera""",TOR,1,TOR,7
TOR201609280,donaj001,"""Josh Donaldson""",TOR,1,TOR,5
TOR201609280,encae001,"""Edwin Encarnacion""",TOR,1,TOR,3
TOR201609280,bautj002,"""Jose Bautista""",TOR,1,TOR,9
TOR201609280,martr004,"""Russell Martin""",TOR,1,TOR,2
TOR201609280,tulot001,"""Troy Tulowitzki""",TOR,1,TOR,6
TOR201609280,saunm001,"""Michael Saunders""",TOR,1,TOR,10
TOR201609280,pillk001,"""Kevin Pillar""",TOR,1,TOR,8
TOR201609280,goinr001,"""Ryan Goins""",TOR,1,TOR,4
TOR201609280,lirif001,"""Francisco Liriano""",TOR,1,TOR,1
TOR201609290,jonea003,"""Adam Jones""",BAL,0,BAL,8
TOR201609290,kim-h001,"""Hyun Soo Kim""",BAL,0,BAL,7
TOR201609290,machm001,"""Manny Machado""",BAL,0,BAL,5
TOR201609290,trumm001,"""Mark Trumbo""",BAL,0,BAL,10
TOR201609290,wietm001,"""Matt Wieters""",BAL,0,BAL,2
TOR201609290,davic003,"""Chris Davis""",BAL,0,BAL,3
TOR201609290,schoj001,"""Jonathan Schoop""",BAL,0,BAL,4
TOR201609290,bourm001,"""Michael Bourn""",BAL,0,BAL,9
TOR201609290,hardj003,"""J.J. Hardy""",BAL,0,BAL,6
TOR201609290,jimeu001,"""Ubaldo Jimenez""",BAL,0,BAL,1
TOR201609290,carre001,"""Ezequiel Carrera""",TOR,1,TOR,7
TOR201609290,donaj001,"""Josh Donaldson""",TOR,1,TOR,5
TOR201609290,encae001,"""Edwin Encarnacion""",TOR,1,TOR,3
TOR201609290,bautj002,"""Jose Bautista""",TOR,1,TOR,10
TOR201609290,martr004,"""Russell Martin""",TOR,1,TOR,2
TOR201609290,tulot001,"""Troy Tulowitzki""",TOR,1,TOR,6
TOR201609290,saunm001,"""Michael Saunders""",TOR,1,TOR,9
TOR201609290,pillk001,"""Kevin Pillar""",TOR,1,TOR,8
TOR201609290,travd001,"""Devon Travis""",TOR,1,TOR,4
TOR201609290,strom001,"""Marcus Stroman""",TOR,1,TOR,1
